Begin,Title,Company,Station,Epesodes,Character count,Character count (no space)
1/3/00,POPEE the ぱフォーマー,瑞鷹,KIDS STATION,39,16,14
1/5/00,ブギーポップは笑わない Boogiepop Phantom,マッドハウス,TXN,12,29,27
1/10/00,女神候補生,XEBEC,NHK-BS2,11,5,5
1/10/00,六門天外モンコレナイト,スタジオディーン,TX,51,11,11
1/26/00,風まかせ月影蘭,マッドハウス,WOWOW,13,7,7
1/27/00,OH!スーパーミルクチャン,ぴえろ,WOWOW,12,13,13
2/5/00,マシュランボー,東映アニメーション,EX,32,7,7
2/5/00,マイアミ☆ガンズ,グループ・タック,MBS,13,8,8
2/6/00,おジャ魔女どれみ♯,東映アニメーション,ABC,49,9,9
2/6/00,ニャニがニャンだー ニャンダーかめん,サンライズ,NBN,83,18,17
3/28/00,だぁ!だぁ!だぁ!,J.C.STAFF,NHK-BS2,78,9,9
4/1/00,モンスターファーム 〜伝説への道〜,トムス・エンタテインメント,CBC,25,17,16
4/1/00,GREGORY HORROR SHOW - THE SECOND GUEST -,ミルキーカートゥーン,EX,25,40,33
4/2/00,デジモンアドベンチャー02,東映アニメーション,CX,50,13,13
4/3/00,へろへろくん,スタジオフラッグ、スタジオボギー,NHK教育,104,6,6
4/3/00,ゲートキーパーズ,GONZO,WOWOW,24,8,8
4/4/00,陽だまりの樹,マッドハウス,NTV,25,6,6
4/4/00,幻想魔伝 最遊記,スタジオぴえろ,TX,50,8,7
4/4/00,銀装騎攻オーディアン,プラム,WOWOW,24,10,10
4/4/00,ドキドキ♡伝説 魔法陣グルグル,日本アニメーション,TX,38,15,14
4/5/00,トランスフォーマー カーロボット,ぎゃろっぷ,TX,39,16,15
4/5/00,タイムボカン2000 怪盗きらめきマン,タツノコプロ,TX,26,19,18
4/8/00,サクラ大戦,マッドハウス,TBS、MBS,25,5,5
4/11/00,BOYS BE…,ハルフィルムメーカー,WOWOW,13,8,7
4/11/00,ファーブル先生は名探偵,イージー・フイルム,NHK-BS2,26,11,11
4/14/00,星界の戦旗（第1期）,サンライズ,WOWOW,13,10,10
4/14/00,コレクター・ユイ（第2期）,日本アニメーション,NHK教育,26,13,13
4/15/00,アニメ浪曲紀行 清水次郎長伝,トマソン,MBS,30,14,13
4/17/00,うちゅう人 田中太郎,スタジオ雲雀,TX,24,10,9
4/18/00,遊☆戯☆王デュエルモンスターズ,スタジオぎゃろっぷ,TX,224,15,15
4/19/00,ラブひな,XEBEC,TX,26,4,4
4/20/00,妖しのセレス,スタジオぴえろ,WOWOW,24,6,6
4/26/00,NieA_7,トライアングルスタッフ,WOWOW,13,6,6
7/7/00,メダロット魂,トランス・アーツ,TX,39,6,6
7/7/00,とっとこハム太郎,トムス・エンタテインメント,TX,193,8,8
7/11/00,ストレンジドーン,ハルフィルムメーカー,WOWOW,13,8,8
7/21/00,BRIGADOON まりんとメラン,サンライズ,WOWOW,26,17,16
7/26/00,HAND MAID メイ,ティー・エヌ・ケー,WOWOW,11,12,10
10/2/00,闇の末裔,J.C.STAFF,WOWOW,13,4,4
10/2/00,デジタル所さん,ポリゴン・ピクチュアズ,NTV,245,7,7
10/2/00,ハムスター倶楽部,ベガエンタテイメント,TX,130,8,8
10/3/00,はじめの一歩,マッドハウス,NTV,76,6,6
10/3/00,ヴァンドレッド,GONZO,WOWOW,13,7,7
10/4/00,グラビテーション,スタジオディーン,WOWOW,13,8,8
10/4/00,GEAR戦士電童,サンライズ,TX,38,8,8
10/5/00,アルジェントソーマ,サンライズ,TX,26,9,9
10/6/00,勝負師伝説 哲也,東映アニメーション,EX,20,8,7
10/6/00,BARRY PARTY,,EX,26,11,10
10/6/00,Sci-Fi HARRY,A.P.P.P.,EX、NBN,20,12,11
10/7/00,真・女神転生デビチル,東京ムービー,CBC,50,10,10
10/7/00,GREGORY HORROR SHOW - THE LAST TRAIN -,ミルキーカートゥーン,EX,26,38,31
10/8/00,ベイビーフィリックス,RADIX,NHK教育,65,10,10
10/13/00,無敵王トライゼノン,イージー・フイルム,TBS、MBS、CBC,22,9,9
10/16/00,犬夜叉,サンライズ,YTV,167,3,3
10/16/00,サイバーシックス,トムス・エンタテインメント、NOA,KIDS STATION,13,8,8
10/16/00,人造人間キカイダー THE ANIMATION,RADIX、スタジオOX,KIDS STATION,12,23,21
10/22/00,学校の怪談,スタジオぴえろ,CX,19,5,5
10/24/00,機巧奇傳ヒヲウ戦記,ボンズ,NHK-BS2,26,9,9
11/6/00,ドッとKONIちゃん,シャフト,ANIMAX,26,10,10
12/2/00,すてき!さくらママ,エイケン,BSフジ,18,9,9
12/4/00,ピポパポパトルくん,東映アニメーション,BSフジ,65,9,9
1/6/01,ゾイド新世紀/ゼロ,XEBEC,MBS,26,9,9
1/8/01,グラップラー刃牙,グループ・タック,TXN,24,8,8
1/8/01,爆転シュート ベイブレード,マッドハウス,TX,51,13,12
1/8/01,テイルズ オブ エターニア THE ANIMATION,XEBEC,WOWOW,13,27,23
1/9/01,地球防衛家族,グループ・タック,WOWOW,14,6,6
1/9/01,地球少女アルジュナ,サテライト,TXN,13,9,9
1/17/01,破壊魔定光,スタジオディーン,WOWOW,10,5,5
1/20/01,すしあざらし,M.S.C,EX,30,6,6
2/4/01,も〜っと! おジャ魔女どれみ,東映アニメーション,ABC,50,14,13
2/10/01,イナズマあざらし,,EX,16,8,8
2/18/01,サラリーマン金太郎,ジェイ・シー・エフ,BS-i,20,9,9
3/5/01,Dr.リンにきいてみて!,スタジオコメット,TX,51,12,12
4/1/01,RUN=DIM,,TX,13,7,7
4/1/01,デジモンテイマーズ,東映アニメーション,CX,51,9,9
4/1/01,超GALS! 寿蘭,スタジオぴえろ,TX,52,9,8
4/1/01,機動天使エンジェリックレイヤー,ボンズ,TX,26,15,15
4/1/01,Cosmic Baton Girl コメットさん☆,日本アニメーション,TVO,43,25,22
4/2/01,こみっくパーティー,OLM,UHF,13,9,9
4/3/01,魔法戦士リウイ,J.C.STAFF,WOWOW,24,7,7
4/3/01,スターオーシャンEX,スタジオディーン,TX,26,10,10
4/3/01,ジャングルはいつもハレのちグゥ,シンエイ動画,TX,26,15,15
4/4/01,シスター♥プリンセス,ZEXCS,TXN,26,10,10
4/4/01,新白雪姫伝説プリーティア,ハルフィルムメーカー,WOWOW,13,12,12
4/4/01,The Soul Taker 〜魂狩〜,タツノコプロ,WOWOW,13,19,16
4/5/01,ノワール,ビィートレイン,TX,26,4,4
4/5/01,ジーンシャフト,サテライト、スタジオガゼル,WOWOW,13,7,7
4/5/01,破邪巨星Gダンガイオー,AIC,EX,13,11,11
4/6/01,電脳冒険記ウェブダイバー,RADIX,TX,52,12,12
4/6/01,"Z.O.E Dolores, i",サンライズ,TXN,26,16,14
4/7/01,仰天人間バトシーラー,グループ・タック,TVA,52,10,10
4/7/01,PROJECT ARMS,東京ムービー,TX,26,12,11
4/7/01,ギャラクシーエンジェル（第1期）,マッドハウス,ANIMAX,26,16,16
4/7/01,逮捕しちゃうぞ SECOND SEASON,スタジオディーン,TBS,26,21,19
4/7/01,GREGORY HORROR SHOW - THE BLOODY KARTE -,ミルキーカートゥーン,EX,12,40,33
4/10/01,探偵少年カゲマン,スタジオ雲雀,NHK教育,39,8,8
4/11/01,パチスロ貴族 銀,A-Line,CX,23,8,7
4/12/01,花右京メイド隊,童夢,UHF,12,7,7
4/12/01,鋼鉄天使くるみ2式,OLM,UHF,12,9,9
4/14/01,パラッパラッパー,J.C.STAFF,CX,30,8,8
4/14/01,ゴーゴー五つ子ら・ん・ど,マジックバス,TBS,96,12,12
4/23/01,KEROKERO NEWS SHOW,-,TBS,-,18,16
5/8/01,学園戦記ムリョウ,マッドハウス,NHK-BS2,26,8,8
5/10/01,オフサイド,葦プロダクション,ANIMAX,39,5,5
5/10/01,だいすき! ぶぶチャチャ,童夢,NHK-BS2,26,12,11
5/20/01,チャンス〜トライアングルセッション〜,マッドハウス,TXN,13,18,18
5/27/01,フィギュア17 つばさ&ヒカル,OLM,AT-X,13,15,14
6/4/01,ミニモニ。やるのだぴょん,,TX,70,12,12
7/1/01,まみむめ★もがちょ（3DCG+クレイ）,セガ,TX,13,19,19
7/4/01,スクライド,サンライズ,TX,26,5,5
7/4/01,シャーマンキング,XEBEC,TX,64,8,8
7/4/01,あぃまぃみぃ! ストロベリー・エッグ,ティー・エヌ・ケー,WOWOW,13,18,17
7/5/01,魔法少女猫たると,ティー・エヌ・ケー、マッドハウス,WOWOW,12,8,8
7/5/01,フルーツバスケット,スタジオディーン,TX,26,9,9
7/6/01,コスモウォーリアー零,ベガエンタテイメント,TX,13,10,10
7/7/01,ののちゃん,東映アニメーション,EX,61,5,5
7/11/01,星界の戦旗II,サンライズ,WOWOW,10,7,7
7/23/01,グラップラー刃牙 -最大トーナメント編-,グループ・タック,TXN,24,20,19
7/30/01,SAMURAI GIRL リアルバウトハイスクール,GONZO、ディジメーション,KIDS STATION,13,25,23
8/13/01,砂漠の海賊!キャプテンクッパ,ビィートレイン,NHK-BS2,26,14,14
10/1/01,旋風の用心棒,スタジオぴえろ,NTV,25,6,6
10/1/01,くるくるアミー,トランス・アーツ,TX,65,7,7
10/2/01,ちっちゃな雪使いシュガー,J.C.STAFF,TBS,24,12,12
10/2/01,しあわせソウのオコジョさん,RADIX,TX,51,13,13
10/2/01,FF:U 〜ファイナルファンタジー:アンリミテッド〜,GONZO,TX,25,26,25
10/3/01,X -エックス-,マッドハウス,WOWOW,25,8,7
10/4/01,ナジカ電撃作戦,スタジオ・ファンタジア、アンバーフィルムワークス,UHF,12,7,7
10/4/01,おとぎストーリー 天使のしっぽ,東京キッズ,WOWOW,14,15,14
10/5/01,まほろまてぃっく,GAINAX、シャフト,BS-i,12,8,8
10/5/01,バビル2世（第2作）,ベガエンタテイメント,TXN,13,10,10
10/5/01,ヴァンドレッド the second stage,GONZO,WOWOW,13,24,21
10/6/01,星のカービィ,スタジオ・ザイン,CBC,100,6,6
10/6/01,ストレイシープ ポーのちっちゃな大冒険,,CX,18,19,18
10/6/01,PROJECT ARMS The 2nd Chapter,東京ムービー,TX,26,28,24
10/6/01,ガイスターズ FRACTIONS OF THE EARTH,スタジオ九魔,TVO,26,29,25
10/7/01,キャプテン翼（第3作）,グループ・タック,TX,52,11,11
10/7/01,激闘!クラッシュギアTURBO,サンライズ,NBN,68,15,15
10/10/01,ヒカルの碁,スタジオぴえろ,TX,75,5,5
10/10/01,テニスの王子様,トランス・アーツ,TX,178,7,7
10/10/01,HELLSING,GONZO、ディジメーション,CX,13,8,8
10/11/01,ピロッポ,STUDIO 4℃,CX,23,4,4
10/11/01,ココロ図書館,スタジオディーン,TX、AT-X,13,6,6
10/11/01,神鵰侠侶 コンドルヒーロー,日本アニメーション、JADE ANIMATION,BSフジ,26,13,12
10/13/01,カスミン（第1期）,OLM,NHK教育,26,9,9
10/13/01,バンパイヤン・キッズ,Production I.G,CX,26,10,10
10/13/01,GROOVE ADVENTURE RAVE,スタジオディーン,TBS,51,21,19
10/14/01,サイボーグ009 THE CYBORG SOLDIER,ジャパンヴィステック,TX,51,27,24
11/5/01,こげぱん,スタジオぴえろ,ANIMAX,10,4,4
12/11/01,格闘料理伝説ビストロレシピ,グループ・タック,NHK-BS2,26,13,13
12/11/01,よばれてとびでて!アクビちゃん（第1期）,タツノコプロ,KIDS STATION,13,20,20
1/5/02,きっかけはラフくん,ぎゃろっぷ,CX,34,9,9
1/5/02,パタパタ飛行船の冒険,テレコム・アニメーションフィルム,WOWOW,26,10,10
1/5/02,ぱにょぱにょデ・ジ・キャラット,マッドハウス,ANIMAX,48,15,15
1/7/02,炎の蜃気楼,マッドハウス,KIDS STATION,13,5,5
1/7/02,爆転シュート ベイブレード 2002,日本アニメディア,TX,51,18,16
1/9/02,キン肉マンII世,東映アニメーション,TX,51,8,8
1/10/02,七人のナナ,A・C・G・T,TX,26,5,5
1/10/02,おねがい☆ティーチャー,童夢,WOWOW,13,11,11
1/10/02,アクエリアンエイジ Sign for Evolution,マッドハウス,TXN,13,28,25
1/15/02,フルメタル・パニック!,GONZO、ディジメーション,WOWOW,24,11,11
1/21/02,ラーゼフォン,ボンズ,CX,26,6,6
1/30/02,Kanon（第1作）,東映アニメーション,CX,14,10,10
2/2/02,幻魔大戦 -神話前夜の章-,イージー・フイルム,AT-X,13,13,12
2/3/02,おジャ魔女どれみドッカ〜ン!,東映アニメーション,ABC,51,14,14
2/3/02,ギャラクシーエンジェル（第2期）,マッドハウス,TVO,18,16,16
3/4/02,ロックマンエグゼ,XEBEC,TX,56,8,8
3/28/02,ガンフロンティア,ベガエンタテイメント,AT-X,13,8,8
4/1/02,HAPPY★LESSON THE TV,スタジオ雲雀,UHF,14,19,17
4/2/02,ちょびっツ,マッドハウス,TBS,27,5,5
4/2/02,天地無用! GXP,AIC,NTV,26,9,8
4/2/02,りぜるまいん（第1期）,マッドハウス、IMAGIN,UHF,12,11,11
4/2/02,東京アンダーグラウンド,ぴえろ,TX,26,11,11
4/3/02,.hack//SIGN,ビィートレイン,TXN,27,11,11
4/4/02,アベノ橋魔法☆商店街,GAINAX、マッドハウス,KIDS STATION,13,10,10
4/5/02,爆闘宣言ダイガンダー,ブレインズ・ベース,TX,39,10,10
4/6/02,天使な小生意気,トムス・エンタテインメント,TX,50,7,7
4/6/02,満月をさがして,スタジオディーン,TX,52,7,7
4/6/02,東京ミュウミュウ,ぴえろ,TVA,52,8,8
4/6/02,フォルツァ!ひでまる,ぎゃろっぷ,TX,26,10,10
4/6/02,わがまま☆フェアリー ミルモでポン!,スタジオ雲雀,TX,78,18,17
4/7/02,ぴたテン,マッドハウス,TVO,26,4,4
4/7/02,デジモンフロンティア,東映アニメーション,CX,50,10,10
4/7/02,電光超特急ヒカリアン,東京キッズ,TX,77,10,10
4/8/02,ベイベーばあちゃん,-,NHK教育,53,9,9
4/8/02,レッチュ ゲッチュ サルゲッチュ,-,TX,76,16,14
4/8/02,あずまんが大王 THE ANIMATION,J.C.STAFF,TXN,26,21,19
4/9/02,十二国記（第1期）,ぴえろ,NHK-BS2,39,9,9
4/10/02,藍より青し,J.C.STAFF,CX,24,5,5
4/19/02,あたしンち,シンエイ動画,EX,330,5,5
4/27/02,ワイルド7 another 謀略運河,イージー・フイルム,AT-X,13,18,16
5/6/02,ホイッスル!,スタジオコメット,ANIMAX,39,6,6
5/15/02,王ドロボウJING,スタジオディーン,NHK-BS2,13,9,9
7/1/02,SAMURAI DEEPER KYO,スタジオディーン,TXN,26,18,16
7/2/02,G-onらいだーす♥,ティー・エヌ・ケー、シャフト,WOWOW,14,10,10
7/2/02,Witch Hunter ROBIN,サンライズ,TXN,26,18,16
7/3/02,朝霧の巫女,カオスプロジェクト、ガンジス,TXN,26,5,5
7/3/02,最終兵器彼女,GONZO DIGIMATION,CBC,13,6,6
7/3/02,陸上防衛隊まおちゃん,XEBEC,TXN,26,10,10
7/4/02,ドラゴンドライブ,マッドハウス,TX,38,8,8
7/4/02,円盤皇女ワるきゅーレ,ティー・エヌ・ケー,KIDS STATION、UHF,12,10,10
7/4/02,ふぉうちゅんドッグす,ベガエンタテイメント,TX,39,10,10
8/16/02,プリンセスチュチュ,ハルフィルムメーカー,KIDS STATION、UHF,26,9,9
8/31/02,魔王ダンテ,マジックバス,AT-X,13,5,5
9/7/02,OVERMANキングゲイナー,サンライズ,WOWOW,26,14,14
9/11/02,ハングリーハート WILD STRIKER,日本アニメーション,ANIMAX、CX,52,21,19
9/26/02,まほろまてぃっく 〜もっと美しいもの〜,GAINAX、シャフト,BS-i,14,19,18
9/30/02,ぷちぷり*ユーシィ,GAINAX、AIC,NHK-BS2,26,9,9
10/1/02,花田少年史,マッドハウス,NTV,25,5,5
10/1/02,ヒートガイジェイ,サテライト,TBS,26,8,8
10/1/02,アソボット戦記五九,エッグ,TX,52,9,9
10/1/02,スパイラル -推理の絆-,J.C.STAFF,TX,25,12,11
10/1/02,よばれてとびでて!アクビちゃん（第2期）,タツノコプロ,KIDS STATION,13,20,20
10/1/02,攻殻機動隊 STAND ALONE COMPLEX,Production I.G,CS,26,25,22
10/2/02,ボンバーマンジェッターズ,スタジオディーン,TX,52,12,12
10/2/02,シスター・プリンセス RePure,ZEXCS,TXN,13,17,16
10/3/02,NARUTO -ナルト-,ぴえろ,TX,220,12,11
10/4/02,プラトニックチェーン,-,TX,24,10,10
10/5/02,カスミン（第2期）,OLM,NHK教育,26,9,9
10/5/02,宇宙大作戦チョコベーダー,-,CX,27,12,12
10/5/02,機動戦士ガンダムSEED,サンライズ,MBS,50,12,12
10/5/02,GetBackers-奪還屋-,スタジオディーン,TBS,49,15,15
10/5/02,真・女神転生Dチルドレン ライト&ダーク,アクタス、スタジオコメット,TX,52,20,19
10/6/02,ペコラ,-,TXN,26,3,3
10/6/02,ギャラクシーエンジェル（第3期）,マッドハウス,TVO,51,16,16
10/7/02,超重神グラヴィオン,GONZO DIGIMATION,CX,13,9,9
10/8/02,キディ・グレイド,GONZO DIGIMATION,CX,24,8,8
10/8/02,りぜるまいん（第2期）,マッドハウス、IMAGIN,UHF,12,11,11
10/9/02,灰羽連盟,RADIX,CX,13,4,4
10/21/02,デュエル・マスターズ,スタジオ雲雀、A・C・G・T,TX,26,10,10
10/23/02,巨人の星【特別篇】 猛虎 花形満,東京ムービー,WOWOW,13,16,14
10/31/02,神世紀伝マーズ,プラム、スタジオガッツ,AT-X,13,7,7
11/2/02,釣りバカ日誌,東映アニメーション,EX,36,6,6
11/4/02,げんき げんき ノンタン,ポリゴン・ピクチュアズ,KIDS STATION,35,12,10
11/11/02,PIANO,OLM,KIDS STATION,10,5,5
11/15/02,奇鋼仙女ロウラン,ZEXCS,KIDS STATION、UHF,28,8,8
11/21/02,ポケットモンスター アドバンスジェネレーション,OLM,TX,192,23,22
11/28/02,冒険者,日本アニメーション,NHK-BS2,26,3,3
11/28/02,ヴァイスクロイツ グリーエン,ufotable,KIDS STATION,13,14,13
12/3/02,ポケットモンスター サイドストーリー,OLM,TX,18,18,17
12/7/02,バロムワン,イージー・フイルム,AT-X,13,5,5
1/2/03,THE ビッグオー（第2期）,サンライズ,UHF,13,14,13
1/3/03,らいむいろ戦奇譚,スタジオ雲雀,UHF,13,8,8
1/4/03,STRATOS 4,スタジオ・ファンタジア,UHF,13,9,8
1/5/03,MOUSE,スタジオディーン,UHF,12,5,5
1/6/03,ガラクタ通りのステイン,-,KIDS STATION,14,11,11
1/6/03,WOLF'S RAIN,ボンズ,CX,30,11,10
1/6/03,爆転シュート ベイブレード Gレボリューション,日本アニメディア,TX,52,23,21
1/8/03,ななか6/17,J.C.STAFF,TX,13,7,7
1/8/03,出撃!マシンロボレスキュー,サンライズ,TX,53,13,13
1/8/03,.hack//黄昏の腕輪伝説,ビィートレイン,TXN,12,14,14
1/8/03,L/R -Licensed by Royal-,ティー・エヌ・ケー,CX,13,23,20
1/9/03,魔法遣いに大切なこと,Viewworks、J.C.STAFF,EX,12,10,10
1/10/03,超ロボット生命体トランスフォーマー マイクロン伝説,アクタス,TX,52,25,24
2/2/03,明日のナージャ,東映アニメーション,ABC,50,7,7
2/2/03,クラッシュギアNitro,サンライズ,NBN,50,12,12
2/5/03,ガンパレード・マーチ 〜新たなる行軍歌〜,J.C.STAFF,UHF,12,20,19
2/17/03,デジガールPOP!,クリエーターズ・ドット・コム,KIDS STATION,26,9,9
2/23/03,魔獣戦線 THE APOCALYPSE,マジックバス,AT-X,13,19,17
3/6/03,天使のしっぽ Chu!,東京キッズ,KIDS STATION,11,11,10
4/1/03,エアマスター,東映アニメーション,NTV,27,6,6
4/1/03,E'S OTHERWISE,ぴえろ,TX,26,13,12
4/2/03,宇宙のステルヴィア,XEBEC,TXN,26,9,9
4/3/03,カレイドスター,GONZO DIGIMATION,TX,26,7,7
4/3/03,D・N・ANGEL,XEBEC,TX,26,9,9
4/3/03,冒険遊記プラスターワールド,アクタス、ブレインズ・ベース,TX,52,13,13
4/5/03,成恵の世界,スタジオ・ライブ,MBS,12,5,5
4/5/03,無限戦記ポトリス,サンライズ、同友アニメーション,TX,52,8,8
4/5/03,魔探偵ロキ RAGNAROK,スタジオディーン,TX,26,14,13
4/5/03,妄想科学シリーズ ワンダバスタイル,ティー・エヌ・ケー,UHF,12,17,16
4/5/03,マーメイドメロディー ぴちぴちピッチ,アクタス、シナジージャパン,TVA,52,18,17
4/5/03,人間交差点 -HUMAN SCRAMBLE-,A・C・G・T,TX,13,22,20
4/6/03,ソニックX,東京ムービー,TX,52,5,5
4/6/03,FIRESTORM,トランス・アーツ,TX,26,9,9
4/6/03,デ・ジ・キャラットにょ,マッドハウス,TVO,104,11,11
4/6/03,金色のガッシュベル!!,東映アニメーション,CX,150,11,11
4/6/03,アストロボーイ・鉄腕アトム,手塚プロダクション,CX,50,13,13
4/7/03,コロッケ!,OLM,TX,104,5,5
4/7/03,DEAR BOYS,A・C・G・T,TX,26,9,8
4/7/03,LAST EXILE,GONZO DIGIMATION,TXN,26,10,9
4/8/03,スクラップド・プリンセス,ボンズ,WOWOW,24,12,12
4/8/03,キノの旅 -the Beautiful World-,A・C・G・T,WOWOW,13,26,23
4/9/03,カスミン（第3期）,OLM,NHK教育,26,9,9
4/11/03,ワンダーベビルくん,RADIX,NHK教育,30,9,9
4/14/03,獣兵衛忍風帖 龍宝玉篇,マッドハウス,WOWOW,13,11,10
4/15/03,探偵学園Q,ぴえろ,TBS,45,5,5
4/16/03,GAD GUARD,GONZO DIGIMATION、アンバーフィルムワークス,CX,26,9,8
4/16/03,TEXHNOLYZE,マッドハウス,CX,22,10,10
5/8/03,SUBMARINE SUPER 99,ベガエンタテイメント,AT-X,13,18,16
5/20/03,ウルトラマニアック,葦プロダクション,ANIMAX,26,9,9
6/16/03,ケロケロキングDXプラス,-,TX,30,12,12
6/21/03,シンデレラボーイ,マジックバス,AT-X,13,8,8
7/1/03,HAPPY★LESSON ADVANCE,スタジオ雲雀,UHF,14,20,19
7/2/03,ダイバージェンス・イヴ,RADIX,AT-X、UHF,13,11,11
7/5/03,高橋留美子劇場,トムス・エンタテインメント,TX,13,7,7
7/5/03,D.C. 〜ダ・カーポ〜,ZEXCS,UHF,26,12,11
7/7/03,なるたる,プラネット,KIDS STATION,13,4,4
7/7/03,グリーングリーン,スタジオマトリックス,UHF,12,8,8
7/11/03,住めば都のコスモス荘 すっとこ大戦ドッコイダー,ufotable,UHF,12,23,22
7/15/03,おねがい☆ツインズ,童夢,WOWOW,13,9,9
7/17/03,ぽぽたん,シャフト,BS-i,12,4,4
7/30/03,一騎当千,J.C.STAFF,AT-X,13,4,4
8/25/03,フルメタル・パニック? ふもっふ,京都アニメーション,CX,17,16,15
9/1/03,R.O.D -THE TV-,J.C.STAFF,CS,26,14,12
9/8/03,ミニモニ。じゃ てーびぃー,,TX,15,13,12
9/30/03,PAPUWA,日本アニメーション,TX,26,6,6
10/1/03,AVENGER,ビィートレイン,TXN,13,7,7
10/1/03,神魂合体ゴーダンナー!!,OLM、AIC,AT-X、UHF,13,12,12
10/1/03,ミッドナイトホラースクール,ミルキーカートゥーン,FNS,52,13,13
10/2/03,最遊記RELOAD,ぴえろ,TX,25,9,9
10/2/03,魁!!クロマティ高校,Production I.G,TX,26,10,10
10/3/03,京極夏彦 巷説百物語,トムス・エンタテインメント,CBC、RKB、RCC,13,10,9
10/3/03,円盤皇女ワるきゅーレ 十二月の夜想曲,ティー・エヌ・ケー,UHF,12,18,17
10/4/03,瓶詰妖精,XEBEC,UHF,13,4,4
10/4/03,プラネテス,サンライズ,NHK-BS2,26,5,5
10/4/03,君が望む永遠,スタジオ・ファンタジア,UHF,14,6,6
10/4/03,銀河鉄道物語,プラネット,BSフジ,26,6,6
10/4/03,鋼の錬金術師,ボンズ,MBS,51,6,6
10/4/03,ヤミと帽子と本の旅人,スタジオディーン,UHF,13,10,10
10/4/03,高橋留美子劇場 人魚の森,トムス・エンタテインメント,TX,13,12,11
10/4/03,ロックマンエグゼAXESS,XEBEC,TX,51,13,13
10/4/03,カレイドスター 新たなる翼,GONZO DIGIMATION,TX,25,13,12
10/5/03,ポポロクロイス,東京ムービー,TX,26,7,7
10/5/03,おもいっきり科学アドベンチャー そーなんだ!,OLM,TX,26,22,21
10/6/03,ガングレイヴ,マッドハウス,TXN,26,6,6
10/6/03,さいころボット コンボック,XEBEC,TX,25,13,12
10/6/03,お茶犬〜ちょこっとものがたり〜,フォーサム,KIDS STATION,26,15,15
10/7/03,PEACE MAKER 鐵,GONZO DIGIMATION,EX,24,13,11
10/7/03,F-ZERO ファルコン伝説,葦プロダクション,TX,51,14,13
10/7/03,わがまま☆フェアリー ミルモでポン! ごおるでん,スタジオ雲雀,TX,24,24,22
10/7/03,SPACE PIRATE CAPTAIN HERLOCK,マッドハウス,NTV,13,28,25
10/8/03,GUNSLINGER GIRL,マッドハウス,CX,13,15,14
10/9/03,真月譚 月姫,J.C.STAFF,BS-i,12,6,5
10/11/03,ギルガメッシュ,ジャパンヴィステック、グループ・タック,KTV,26,7,7
10/11/03,藍より青し 〜縁〜,J.C.STAFF,UHF,12,9,8
10/14/03,まぶらほ,J.C.STAFF,WOWOW,24,4,4
10/16/03,無人惑星サヴァイヴ,マッドハウス、テレコム・アニメーションフィルム,NHK教育,52,9,9
11/1/03,ふたつのスピカ,グループ・タック,NHK-BS2,20,7,7
11/8/03,ボボボーボ・ボーボボ,東映アニメーション,EX,76,10,10
11/24/03,クロノクルセイド,GONZO DIGIMATION,CX,24,8,8
1/1/04,攻殻機動隊 S.A.C. 2nd GIG,Production I.G,CS,26,20,17
1/2/04,みさきクロニクル 〜ダイバージェンス・イヴ〜,RADIX,UHF、AT-X,13,22,21
1/4/04,MEZZO -メゾ-,アームス,UHF,13,10,9
1/5/04,B-伝説! バトルビーダマン,日本アニメディア,TX,52,14,13
1/6/04,ごくせん,マッドハウス,NTV,13,4,4
1/7/04,エリア88,グループ・タック,EX,12,5,5
1/7/04,SDガンダムフォース,サンライズ,TX,52,10,10
1/7/04,マリア様がみてる（第1期）,スタジオディーン,TX,13,13,13
1/7/04,十兵衛ちゃん2 -シベリア柳生の逆襲-,マッドハウス,TX,13,19,18
1/8/04,ゆめりあ,スタジオディーン,BS-i,12,4,4
1/8/04,超重神グラヴィオンZwei,GONZO,UHF,12,13,13
1/9/04,トランスフォーマー スーパーリンク,アクタス,TX,52,17,16
1/10/04,モンキーターン,OLM,TX,25,7,7
1/12/04,超変身コス∞プレイヤー,IMAGIN、スタジオ・ライブ,UHF,12,11,11
1/12/04,BURN-UP SCRAMBLE,AIC,UHF,12,16,15
1/13/04,北へ。〜Diamond Dust Drops〜,スタジオディーン,TVH、AT-X,13,23,21
1/15/04,光と水のダフネ -DAPHNE IN THE BRILLIANT BLUE-,J.C.STAFF,JNN、UHF,24,38,33
2/1/04,かいけつゾロリ,アンバーフィルムワークス、亜細亜堂,NBN,52,7,7
2/1/04,ふたりはプリキュア,東映アニメーション,ABC,49,9,9
2/2/04,妄想代理人,マッドハウス,WOWOW,13,5,5
2/24/04,勇午 〜交渉人〜,G&G、アートランド,KIDS STATION,13,8,7
3/8/04,ヒットをねらえ!,IMAGIN、スタジオ・ライブ,UHF,12,8,8
4/1/04,恋風,A・C・G・T,EX,13,2,2
4/1/04,天上天下,マッドハウス,EX,24,4,4
4/1/04,この醜くも美しい世界,GAINAX、シャフト,BS-i,12,10,10
4/1/04,最遊記RELOAD GUNLOCK,ぴえろ,TX,26,17,16
4/1/04,絢爛舞踏祭 ザ・マーズ・デイブレイク,ボンズ,TX,26,18,17
4/2/04,とっとこハム太郎 はむはむぱらだいちゅ!,トムス・エンタテインメント,TX,103,20,19
4/3/04,美鳥の日々,ぴえろ,UHF,13,5,5
4/3/04,ケロロ軍曹,サンライズ,TX,358,5,5
4/3/04,DAN DOH!!,東京キッズ,TX,26,9,8
4/3/04,愛してるぜベイベ★★,東京ムービー,ANIMAX,26,10,10
4/3/04,今日から㋮王!（第1期）,スタジオディーン,NHK-BS2,39,12,12
4/3/04,マーメイドメロディー ぴちぴちピッチ ピュア,アクタス、シナジージャパン,TVA,39,22,20
4/4/04,火の鳥,手塚プロダクション,BS-hi、NHK総合,13,3,3
4/4/04,マシュマロ通信,スタジオコメット、Seoul Movie,TVO,52,7,7
4/4/04,レジェンズ 甦る竜王伝説,ぎゃろっぷ,CX,50,12,11
4/4/04,それいけ! ズッコケ三人組,日本アニメーション,TX,26,13,12
4/4/04,超ぽじてぃぶ! ファイターズ,トランス・アーツ,TX、TVH,101,14,13
4/4/04,花右京メイド隊 La Verite,童夢,UHF,12,17,15
4/4/04,絶体絶命でんぢゃらすじーさん（第2期）,スタジオ雲雀,TX,51,19,19
4/4/04,せんせいのお時間 DOKI DOKI SCHOOL HOURS,J.C.STAFF,TXN,20,31,27
4/5/04,MADLAX,ビィートレイン,TXN,26,6,6
4/5/04,Get Ride! アムドライバー,スタジオディーン,TX,51,17,15
4/5/04,神魂合体ゴーダンナー!! SECOND SEASON,OLM、AIC ASTA,UHF、AT-X,13,26,24
4/6/04,爆裂天使,GONZO,EX,24,4,4
4/6/04,忘却の旋律,J.C.STAFF,TBS,24,5,5
4/6/04,MONSTER,マッドハウス,NTV,74,7,7
4/6/04,陸奥圓明流外伝 修羅の刻,スタジオコメット,TX,26,12,11
4/6/04,RAGNAROK THE ANIMATION,G&G,TX,26,22,20
4/6/04,わがまま☆フェアリー ミルモでポン! わんだほう,スタジオ雲雀,TX,48,24,22
4/7/04,鉄人28号（第4作）,パルムスタジオ,TXN,26,10,10
4/7/04,キン肉マンII世 ULTIMATE MUSCLE,東映アニメーション,TX,13,24,22
4/9/04,魔法少女隊アルス,STUDIO 4℃,NHK教育,40,8,8
4/10/04,GANTZ（第1期）,GONZO,CX,13,10,10
4/12/04,ぷぎゅる,クリエーターズ・ドット・コム,KIDS STATION,13,4,4
4/12/04,パンダーゼット THE ROBONIMATION,ビーメディア、シナジージャパン,KIDS STATION,30,24,22
4/16/04,頭文字D Fourth Stage,A・C・G・T,CS,24,17,15
4/19/04,デュエル・マスターズ チャージ,スタジオ雲雀,TX,52,15,14
5/3/04,LOVE♥LOVE?,IMAGIN、スタジオ・ライブ,UHF,13,10,10
5/17/04,ななみちゃん,ROBOT、グループ・タック,NHK-BS2,92,6,6
5/19/04,サムライチャンプルー,マングローブ,CX,26,10,10
6/12/04,SAMURAI 7,GONZO,CS,26,9,8
6/24/04,KURAU Phantom Memory,ボンズ,EX,24,20,18
6/30/04,Wind -a breath of heart-,RADIX,AT-X,17,24,20
6/30/04,月は東に日は西に 〜Operation Sanctuary〜,RADIX,AT-X,17,30,28
7/3/04,モンキーターンV,OLM,TX,25,8,8
7/4/04,ポストペットモモ便,-,MBS,24,9,9
7/4/04,マリア様がみてる 春,スタジオディーン,TX,13,10,9
7/4/04,アガサ・クリスティーの名探偵ポワロとマープル,OLM,NHK総合,39,22,22
7/4/04,蒼穹のファフナー Dead Aggressor,XEBEC,TXN,26,23,21
7/6/04,お伽草子,Production I.G,NTV,26,4,4
7/6/04,GIRLSブラボー first season,AICスピリッツ,CX,11,22,20
7/7/04,ギャラクシーエンジェル（第4期）,マッドハウス,TVO,26,16,16
7/9/04,ニニンがシノブ伝,ufotable,UHF,24,8,8
7/10/04,DearS,童夢,UHF,13,5,5
7/25/04,エルフェンリート,アームス,AT-X,14,8,8
7/31/04,モンキーパンチ漫画活動大写真,トムス・エンタテインメント,WOWOW,12,14,14
8/1/04,スウィート・ヴァレリアン,マッドハウス,MBS,26,12,12
8/6/04,宇宙交響詩メーテル 銀河鉄道999外伝,アゼータ・ピクチャーズ,CS,13,19,18
8/26/04,GANTZ（第2期）,GONZO,AT-X,13,10,10
9/11/04,風人物語,Production I.G,CS,13,4,4
9/30/04,陰陽大戦記,サンライズ,TX,52,5,5
9/30/04,舞-HiME,サンライズ,TXN,26,6,6
9/30/04,冒険王ビィト,東映アニメーション,TX,52,6,6
10/1/04,神無月の巫女,ティー・エヌ・ケー,UHF,12,6,6
10/1/04,魔法少女リリカルなのは,セブン・アークス,UHF,13,11,11
10/2/04,うた∽かた,ハルフィルムメーカー,UHF,13,5,5
10/2/04,W〜ウィッシュ〜,トライネットエンタテインメント、ピクチャーマジック,UHF,13,8,8
10/2/04,Φなる・あぷろーち,トライネットエンタテインメント、ZEXCS,UHF,13,9,9
10/2/04,アークエとガッチンポー,スプリングハウス・エンタテインメント,TX,13,11,11
10/2/04,ビューティフル ジョー,グループ・タック,TX,51,11,10
10/2/04,ロックマンエグゼStream,XEBEC,TX,51,14,14
10/2/04,ToHeart 〜Remember my memories〜,OLM、AIC ASTA,AT-X,13,30,27
10/3/04,ゾイドフューザーズ,東京キッズ,TX,26,9,9
10/4/04,砂ぼうず,GONZO,CBC、HBC、TBC、RKB,24,4,4
10/4/04,サムライガン,エッグ,EX,12,6,6
10/4/04,カッパの飼い方,ピクチャーマジック,ANIMAX,26,7,7
10/4/04,流星戦隊ムスメット,ティー・エヌ・ケー,UHF,13,9,9
10/4/04,ファンタジックチルドレン,日本アニメーション,TXN,26,12,12
10/4/04,月詠 -MOON PHASE-,シャフト,TXN,26,15,13
10/5/04,巌窟王,GONZO,EX,24,3,3
10/5/04,BLEACH,ぴえろ,TX,366,6,6
10/5/04,tactics,スタジオディーン,TX,25,7,7
10/5/04,スクールランブル,スタジオコメット,TX,26,8,8
10/5/04,遙かなる時空の中で 〜八葉抄〜,ゆめ太カンパニー,TXN,26,15,14
10/6/04,双恋,テレコム・アニメーションフィルム,TXN,13,2,2
10/6/04,BECK,マッドハウス,TXN,26,4,4
10/6/04,リングにかけろ1,東映アニメーション,EX,12,8,8
10/6/04,遊☆戯☆王デュエルモンスターズGX,ぎゃろっぷ,TX,180,17,17
10/7/04,ジパング,スタジオディーン,TBS,26,4,4
10/7/04,ローゼンメイデン（第1作）,ノーマッド,TBS,12,13,13
10/7/04,下級生2 〜瞳の中の少女たち〜,アームス,UHF,13,15,14
10/9/04,機動戦士ガンダムSEED DESTINY,サンライズ,MBS,50,20,19
10/11/04,ブラック・ジャック,手塚プロダクション,YTV,63,9,9
10/12/04,焼きたて!!ジャぱん,サンライズ,TX,69,10,10
10/14/04,グレネーダー 〜ほほえみの閃士〜,スタジオ・ライブ、グループ・タック,WOWOW,12,16,15
10/15/04,げんしけん,パルムスタジオ,KIDS STATION,12,5,5
10/27/04,Legend of DUO,RADIX,UHF、AT-X,12,13,11
10/30/04,学園アリス,グループ・タック,NHK-BS2,26,5,5
11/4/04,吟遊黙示録マイネリーベ,ビィートレイン,ANIMAX,13,11,11
11/13/04,メジャー（第1期）,スタジオ雲雀,NHK教育,26,9,9
1/1/05,まじかるカナン,AIC ASTA,AT-X,13,7,7
1/2/05,こちら葛飾区亀有公園前派出所,ぎゃろっぷ,CX,13,14,14
1/4/05,らいむいろ流奇譚X cross 〜恋、教ヘテクダサイ。〜,A・C・G・T,UHF,13,28,26
1/5/05,魔法先生ネギま!,XEBEC,TX,26,8,8
1/5/05,JINKI:EXTEND,feel.,EX,12,12,12
1/5/05,スターシップ・オペレーターズ,J.C.STAFF,TX,13,14,14
1/5/05,Xenosaga THE ANIMATION,東映アニメーション,EX,12,22,20
1/6/05,AIR,京都アニメーション,BS-i,13,3,3
1/6/05,ああっ女神さまっ,AIC,TBS,26,8,8
1/7/05,アークエとガッチンポー てんこもり,スプリングハウス・エンタテインメント,TX,12,17,16
1/8/05,ピーチガール,スタジオコメット,TX,25,6,6
1/8/05,ギャラリーフェイク,トムス・エンタテインメント、東京キッズ,TX,37,9,9
1/8/05,魔豆奇伝パンダリアン,プラネットエンターテイメント,ANIMAX,26,10,10
1/8/05,好きなものは好きだからしょうがない!!,ZEXCS,UHF,13,19,19
1/8/05,トランスフォーマー ギャラクシーフォース,GONZO,TVA,52,20,19
1/9/05,UG☆アルティメットガール,スタジオマトリックス,UHF,12,13,13
1/9/05,まほらば〜Heartful days,J.C.STAFF,TX,26,18,17
1/10/05,B-伝説! バトルビーダマン 炎魂,日本アニメディア,TX,51,17,15
1/17/05,だめっこどうぶつ,マジックバス,KIDS STATION,26,8,8
1/27/05,GIRLSブラボー second season,AICスピリッツ,WOWOW,13,23,21
2/5/05,BUZZER BEATER（第1期）,トムス・エンタテインメント,WOWOW,13,18,17
2/6/05,ふたりはプリキュア Max Heart,東映アニメーション,ABC,47,19,17
2/7/05,増田こうすけ劇場 ギャグマンガ日和,アートランド,KIDS STATION,12,17,16
2/13/05,まじめにふまじめ かいけつゾロリ,サンライズ、亜細亜堂,NBN,97,16,15
4/1/05,こいこい7,トライネットエンタテインメント、スタジオフラッグ,UHF,13,5,5
4/2/05,英國戀物語エマ,ぴえろ,UHF,12,7,7
4/2/05,ふしぎ星の☆ふたご姫,ハルフィルムメーカー,TX,51,10,10
4/2/05,今日から㋮王!（第2期）,スタジオディーン,NHK-BS2,39,12,12
4/2/05,IZUMO -猛き剣の閃記-,トライネットエンタテインメント、スタジオ九魔,UHF,12,14,13
4/3/05,おねがいマイメロディ,スタジオコメット,TVO,52,10,10
4/3/05,MÄR-メルヘヴン-,SynergySP,TX,102,10,10
4/4/05,うえきの法則,スタジオディーン,TX,51,6,6
4/4/05,創聖のアクエリオン,サテライト,TXN,26,9,9
4/4/05,こみっくパーティーRevolution,カオスプロジェクト、RADIX,UHF,13,19,19
4/5/05,いちご100%,マッドハウス,EX,26,7,7
4/5/05,ガラスの仮面（第2作）,東京ムービー,TX,51,11,11
4/5/05,エレメンタル ジェレイド,XEBEC,TX,26,12,11
4/6/05,極上生徒会,J.C.STAFF,TXN,26,5,5
4/6/05,LOVELESS,J.C.STAFF,EX,12,8,8
4/6/05,アイシールド21,ぎゃろっぷ,TX,145,8,8
4/6/05,フタコイ オルタナティブ,ufotable、スタジオフラッグ、feel.,TXN、UHF,13,12,11
4/6/05,甲虫王者ムシキング 森の民の伝説,トムス・エンタテインメント,TX,52,16,15
4/7/05,これが私の御主人様,GAINAX、シャフト,BS-i,12,9,9
4/7/05,SPEED GRAPHER,GONZO,EX,24,13,12
4/8/05,おでんくん,エッグ,NHK教育,156,5,5
4/9/05,ツバサ・クロニクル〜年代記〜（第1期）,ビィートレイン,NHK教育,26,19,19
4/10/05,ゾイドジェネシス,小学館ミュージック&デジタル エンタテイメント,TX,50,8,8
4/11/05,勇者王ガオガイガーFINAL GRAND GLORIOUS GATHERING,サンライズ,TX,12,39,36
4/12/05,バジリスク 〜甲賀忍法帖〜,GONZO,UHF,24,13,12
4/14/05,ハチミツとクローバー,J.C.STAFF,CX,26,10,10
4/15/05,ドラえもん（第2作2期）,シンエイ動画,EX,,12,12
4/17/05,交響詩篇エウレカセブン,ボンズ,MBS,50,11,11
4/19/05,わがまま☆フェアリー ミルモでポン! ちゃあみんぐ,スタジオ雲雀,TX,22,25,23
4/28/05,トリニティ・ブラッド,GONZO,WOWOW,24,10,10
5/7/05,新釈 眞田十勇士,グループ・タック、G&G,WOWOW,12,8,7
5/21/05,絶対少年,亜細亜堂,NHK-BS2,26,4,4
5/22/05,雪の女王,トムス・エンタテインメント,NHK総合,36,4,4
6/6/05,パタリロ西遊記!,マジックバス,KIDS STATION,27,8,8
6/20/05,トムトム☆ブー,NHKエデュケーショナル,NHK教育,26,7,7
6/28/05,かみちゅ!,ブレインズ・ベース,ANN,16,5,5
7/1/05,あまえないでよっ!!,スタジオディーン,AT-X,13,10,10
7/1/05,機動新撰組 萌えよ剣 TV,トライネットエンタテインメント、ピクチャーマジック,UHF,13,13,11
7/2/05,おくさまは女子高生,マッドハウス,UHF,26,9,9
7/2/05,シュガシュガルーン,ぴえろ,TX,51,9,9
7/2/05,D.C.S.S. 〜ダ・カーポ セカンドシーズン〜,feel.,UHF,26,25,23
7/3/05,奥さまは魔法少女,J.C.STAFF,UHF,13,8,8
7/3/05,ぱにぽにだっしゅ!,ガンジス、シャフト,TXN,26,9,9
7/4/05,プレイボール,マジックバス,UHF,13,6,6
7/4/05,ガン×ソード,AIC ASTA,TX,26,6,6
7/4/05,あかほり外道アワーらぶげ,RADIX,UHF,13,12,12
7/6/05,涼風,スタジオコメット,TXN,26,2,2
7/6/05,タイドライン・ブルー,テレコム・アニメーションフィルム,EX,13,10,10
7/6/05,FNS地球特捜隊ダイバスター（特撮+アニメ）,PDトウキョウ,CX,155,22,22
7/7/05,SHUFFLE!,アスリード,WOWOW,24,8,8
7/8/05,ぺとぺとさん,XEBEC M2,UHF,13,6,6
7/13/05,フルメタル・パニック! The Second Raid,京都アニメーション,WOWOW,13,27,24
7/14/05,苺ましまろ,童夢,TBS,12,5,5
8/6/05,強殖装甲ガイバー,OLM,WOWOW,26,8,8
9/3/05,飛び出せ!ぐりりの大冒険,,KHB,10,12,12
10/1/05,韋駄天翔,トランス・アーツ,TXN,52,4,4
10/1/05,格闘美神 武龍,トムス・エンタテインメント,TX,25,7,6
10/1/05,ロックマンエグゼBEAST,XEBEC,TX,25,13,13
10/1/05,魔法少女リリカルなのはA's,セブン・アークス,UHF,13,14,14
10/2/05,Canvas2 〜虹色のスケッチ〜,ZEXCS,UHF,24,17,16
10/2/05,はっぴぃセブン 〜ざ・テレビまんが〜,トライネットエンタテインメント、スタジオ雲雀,UHF,13,18,17
10/3/05,ToHeart2,OLM,UHF,13,8,8
10/4/05,地獄少女,スタジオディーン,CS,26,4,4
10/4/05,capeta,スタジオコメット,TX,52,6,6
10/4/05,アニマル横町,ぎゃろっぷ、同友アニメーション,TXN,102,6,6
10/4/05,エンジェル・ハート,トムス・エンタテインメント,YTV,50,9,9
10/4/05,CLUSTER EDGE,サンライズ,TXN,25,12,11
10/4/05,闘牌伝説アカギ 〜闇に舞い降りた天才〜,マッドハウス,NTV,26,19,18
10/5/05,灼眼のシャナ,J.C.STAFF,UHF,24,6,6
10/5/05,ガンパレード・オーケストラ,ブレインズ・ベース,EX,24,13,13
10/5/05,ARIA The ANIMATION,ハルフィルムメーカー,TXN,13,18,16
10/5/05,IGPX -Immortal Grand Prix-,Production I.G,EX,26,26,23
10/6/05,舞-乙HiME,サンライズ,TXN,26,7,7
10/6/05,こてんこてんこ,アイムーヴ,TX,52,7,7
10/6/05,SoltyRei,GONZO、AIC,EX,25,8,8
10/6/05,BLACK CAT,GONZO,TBS,24,9,8
10/6/05,冒険王ビィト エクセリオン,東映アニメーション,TX,25,13,12
10/8/05,BLOOD+,Production I.G,MBS,50,6,6
10/8/05,銀盤カレイドスコープ,カラク,TX,12,10,10
10/10/05,ラムネ,トライネットエンタテインメント、ピクチャーマジック,UHF,12,3,3
10/11/05,ノエイン もうひとりの君へ,サテライト,UHF,24,13,12
10/13/05,Paradise Kiss,マッドハウス,CX,12,13,12
10/20/05,ローゼンメイデン トロイメント,ノーマッド,TBS,12,15,14
10/22/05,蟲師（第1期）,アートランド,CX,20,7,7
11/3/05,かりん,J.C.STAFF,WOWOW,24,3,3
11/3/05,銀牙伝説WEED,スタジオディーン,ANIMAX,26,8,8
11/12/05,ガイキング LEGEND OF DAIKU-MARYU,東映アニメーション,EX,39,27,24
12/6/05,ディノブレイカー,XEBEC,ANIMAX,40,8,8
12/10/05,メジャー（第2期）,スタジオ雲雀,NHK教育,26,9,9
12/26/05,南の島の小さな飛行機 バーディー,スタジオディーン,NHK教育,105,16,15
1/3/06,鍵姫物語 永久アリス輪舞曲,トライネットエンタテインメント、ピクチャーマジック,UHF,13,13,12
1/4/06,あまえないでよっ!! 喝!!,スタジオディーン,AT-X,13,14,13
1/4/06,キン肉マンII世 ULTIMATE MUSCLE 2,東映アニメーション,TX,13,26,23
1/5/06,落語天女おゆい,ティー・エヌ・ケー,UHF,12,7,7
1/6/06,Fate/stay night,スタジオディーン,UHF,24,15,14
1/6/06,LEMON ANGEL PROJECT,RADIX ACE ENTERTAINMENT,UHF,13,19,17
1/7/06,マジカノ,東京キッズ,AT-X,13,4,4
1/7/06,陰からマモル!,グループ・タック,TX,12,7,7
1/7/06,タクティカルロア,アクタス,UHF,13,8,8
1/7/06,ワンワンセレプー それゆけ!徹之進,スタジオコメット,TVA,51,17,16
1/8/06,よみがえる空 -RESCUE WINGS-,J.C.STAFF,TXN,13,21,19
1/9/06,プレイボール 2nd,マジックバス,UHF,13,10,9
1/9/06,爆球Hit! クラッシュビーダマン,日本アニメディア,TX,50,17,16
1/9/06,おろしたてミュージカル 練馬大根ブラザーズ,スタジオ雲雀,TXN,12,21,20
1/10/06,Funny Pets,,UHF,24,10,9
1/11/06,かしまし 〜ガール・ミーツ・ガール〜,スタジオ雲雀,TXN,13,18,17
1/12/06,怪 〜ayakashi〜,東映アニメーション,CX,11,12,11
1/16/06,お茶犬〜「ほっ」とものがたり〜,,KIDS STATION,13,15,15
1/22/06,吟遊黙示録マイネリーベwieder,ビィートレイン,ANIMAX,13,17,17
2/2/06,REC,シャフト,TBS,10,3,3
2/2/06,びんちょうタン,スタジオディーン,TBS,12,7,7
2/5/06,ふたりはプリキュア Splash Star,東映アニメーション,ABC,49,21,19
2/25/06,Ergo Proxy,マングローブ,WOWOW,23,10,9
4/1/06,フラカッパー,オフィス蒼,UHF,78,6,6
4/1/06,Soul Link,ピクチャーマジック,AT-X,12,9,8
4/1/06,ぽかぽか森のラスカル,日本アニメーション,UHF,52,10,10
4/1/06,吉永さん家のガーゴイル,スタジオ雲雀、トライネットエンタテインメント,UHF,13,11,11
4/1/06,サルゲッチュ 〜オンエアー〜,XEBEC,TXN,26,14,13
4/1/06,格闘美神 武龍 REBIRTH,トムス・エンタテインメント,TX,25,15,13
4/1/06,ふしぎ星の☆ふたご姫 Gyu!,ハルフィルムメーカー,TX,52,15,14
4/1/06,学園ヘヴン BOY'S LOVE HYPER!,東京キッズ,AT-X,13,23,20
4/1/06,妖怪人間ベム -HUMANOID MONSTER BEM-,スタジオコメット,ANIMAX,26,29,26
4/2/06,アクビガール,タツノコプロ,UHF,26,6,6
4/2/06,涼宮ハルヒの憂鬱,京都アニメーション,UHF,14,8,8
4/2/06,牙 -KIBA-,マッドハウス,TX,51,8,7
4/2/06,デジモンセイバーズ,東映アニメーション,CX,48,9,9
4/2/06,スクールランブル 二学期,スタジオコメット,TX,26,12,11
4/2/06,ARIA The NATURAL,ハルフィルムメーカー,TXN,26,16,14
4/2/06,おねがいマイメロディ 〜くるくるシャッフル!〜,スタジオコメット,TVO,52,23,22
4/3/06,妖逆門,RADIX ACE ENTERTAINMENT,TXN,51,3,3
4/3/06,シムーン,スタジオディーン,TXN,26,4,4
4/3/06,うたわれるもの,OLM,UHF,26,7,7
4/3/06,ぜんまいざむらい,A-1 Pictures、ノーサイド,NHK教育,214,8,8
4/3/06,味楽る!ミミカ（実写+アニメ）,デジタル・メディア・ラボ,NHK教育,225,15,15
4/3/06,女子高生 GIRL'S-HIGH,アームス,UHF,12,16,15
4/3/06,Strawberry Panic,マッドハウス,UHF,26,16,15
4/4/06,銀魂,サンライズ,TXN,201,2,2
4/4/06,エア・ギア,東映アニメーション,TX,25,5,5
4/4/06,ガラスの艦隊,GONZO、サテライト,ABC,26,6,6
4/4/06,桜蘭高校ホスト部,ボンズ,NTV,26,8,8
4/4/06,ひぐらしのなく頃に,スタジオディーン,UHF,26,9,9
4/4/06,魔界戦記ディスガイア,OLM,UHF,12,10,10
4/4/06,錬金3級 まじかる?ぽか〜ん,REMIC,UHF,24,14,13
4/4/06,ラブゲッCHU 〜ミラクル声優白書〜,RADIX ACE ENTERTAINMENT,TXN,25,18,17
4/4/06,ハローキティ りんごの森のファンタジー,サンリオ,TX,13,19,18
4/5/06,吉宗,銀画屋、AICスピリッツ、ゴンジーノ,UHF,24,2,2
4/5/06,いぬかみっ!,セブン・アークス,TXN,26,6,6
4/5/06,ウィッチブレイド,GONZO,CBC,24,8,8
4/5/06,NANA-ナナ-,マッドハウス,NTV,47,8,8
4/5/06,プリンセス・プリンセス,スタジオディーン,EX,12,11,11
4/5/06,しばわんこの和のこころ,スリー・ディ、メビウス・トーン,NHK総合,80,11,11
4/5/06,.hack//Roots,ビィートレイン,TXN,26,12,12
4/5/06,とっとこハム太郎 は〜い!,トムス・エンタテインメント,TXN,77,13,12
4/5/06,RAY THE ANIMATION,OLM,HBC、TBC、CBC、RKB,13,17,15
4/5/06,スパイダーライダーズ 〜オラクルの勇者たち〜,ビィートレイン,TXN,26,22,21
4/5/06,THE FROGMAN SHOW（『秘密結社鷹の爪』『古墳GALのコフィー』）,蛙男商会,EX,11,39,37
4/6/06,ゼーガペイン,サンライズ,TX,26,6,6
4/6/06,xxxHOLiC,Production I.G,TBS,24,8,8
4/6/06,リングにかけろ1 日米決戦編,東映アニメーション,EX,12,14,13
4/6/06,ああっ女神さまっ それぞれの翼,AIC,TBS,24,15,14
4/7/06,きらりん☆レボリューション,SynergySP、G&G,TX,102,13,13
4/7/06,西の善き魔女 Astraea Testament,ハルフィルムメーカー,UHF,13,24,22
4/8/06,夢使い,マッドハウス,UHF,12,3,3
4/8/06,彩雲国物語（第1期）,マッドハウス,NHK-BS2,39,10,10
4/8/06,ロックマンエグゼBEAST+,XEBEC,TXN,26,14,14
4/9/06,ひまわりっ!,アームス,UHF,13,6,6
4/9/06,MUSASHI -GUN道-,ACCプロダクション,BS-i,29,14,13
4/10/06,ブラック・ジャック21,手塚プロダクション,YTV,17,11,11
4/10/06,新星輝デュエル・マスターズ フラッシュ,SynergySP,TX,24,19,18
4/11/06,BLACK LAGOON,マッドハウス,UHF,12,12,11
4/12/06,姫様ご用心,ノーマッド,WOWOW,12,5,5
4/13/06,獣王星,ボンズ,CX,11,3,3
4/13/06,チビナックス,,STV,24,6,6
4/13/06,砂沙美☆魔法少女クラブ,AICスピリッツ,WOWOW,13,11,11
4/13/06,ザ・サード 〜蒼い瞳の少女〜,XEBEC,WOWOW,24,14,13
4/15/06,TOKKO 特公,AICスピリッツ、グループ・タック,WOWOW,13,8,7
4/29/06,ツバサ・クロニクル〜年代記〜（第2期）,ビィートレイン,NHK教育,26,19,19
5/6/06,タマ&フレンズ 探せ!魔法のプニプニストーン,グループ・タック、同友アニメーション,ANIMAX,26,22,21
5/18/06,神様家族,東映アニメーション,ANIMAX,13,4,4
5/18/06,機神咆吼デモンベイン,Viewworks,WOWOW,12,10,10
6/16/06,NEWS23 蛙男劇場,蛙男商会,TBS,-,11,10
6/29/06,貧乏姉妹物語,東映アニメーション,EX,10,6,6
6/29/06,ハチミツとクローバーII,J.C.STAFF,CX,12,12,12
7/1/06,まもって!ロリポップ,サンシャインコーポレーション・オブ・ジャパン,UHF,13,10,10
7/1/06,おとぎ銃士 赤ずきん,マッドハウス,TX,39,10,9
7/1/06,つよきす Cool×Sweet,トライネットエンタテインメント、スタジオ雲雀,UHF,12,15,14
7/1/06,出ましたっ!パワパフガールズZ,東映アニメーション,TX,52,15,15
7/2/06,ゼロの使い魔,J.C.STAFF,UHF,13,6,6
7/3/06,僕等がいた,アートランド,UHF,26,5,5
7/3/06,コヨーテ ラグタイムショー,ufotable,UHF,12,13,12
7/5/06,内閣権力犯罪強制取締官 財前丈太郎,トランス・アーツ,EX,11,17,16
7/8/06,となグラ!,童夢,UHF,13,5,5
7/8/06,恋する天使アンジェリーク 〜心のめざめる時〜,サテライト,KIDS STATION,13,22,21
7/9/06,N・H・Kにようこそ!,GONZO,UHF,24,11,11
7/11/06,ちょこッとSister,ノーマッド,UHF,24,11,11
7/24/06,無敵看板娘,テレコム・アニメーションフィルム,YTV,24,5,5
7/26/06,イノセント・ヴィーナス,ブレインズ・ベース,WOWOW,12,11,11
7/29/06,NIGHT HEAD GENESIS,ビーメディア,BS日テレ、ANIMAX,24,18,16
8/1/06,パッタ ポッタ モン太,東京キッズ,UHF,52,11,9
8/5/06,ケモノヅメ,マッドハウス,WOWOW,13,5,5
8/5/06,増田こうすけ劇場 ギャグマンガ日和2,アートランド,KIDS STATION,12,18,17
8/7/06,HANOKA〜葉ノ香〜,ファンワークス,KIDS STATION,12,11,11
8/19/06,シュヴァリエ 〜Le Chevalier D'Eon〜,Production I.G,WOWOW,24,27,24
9/8/06,BLACK BLOOD BROTHERS,スタジオ・ライブ、グループ・タック,UHF,12,20,18
9/16/06,シルクロード少年 ユート,OLM,NHK教育,26,12,11
9/23/06,オーバン・スターレーサーズ,ハルフィルムメーカー、PUMPKIN-3D,Toon Disney,26,13,13
9/28/06,ポケットモンスター ダイヤモンド&パール,OLM,TX,191,20,19
10/1/06,ギャラクシーエンジェる〜ん,サテライト,TXN,13,13,13
10/1/06,マージナルプリンス 〜月桂樹の王子達〜,東京キッズ、studioT&B、ゴンジーノ,UHF,14,19,18
10/1/06,金色のコルダ〜primo passo〜,ゆめ太カンパニー,TXN,26,19,18
10/2/06,パンプキン・シザーズ,GONZO、AIC,UHF,24,10,10
10/2/06,らぶドル 〜Lovely Idol〜,ティー・エヌ・ケー、AIC ASTA,UHF,13,18,16
10/2/06,ときめきメモリアル Only Love,AIC ASTA,TXN,26,19,17
10/2/06,BLACK LAGOON The Second Barrage,マッドハウス,UHF,12,31,27
10/3/06,少年陰陽師,スタジオディーン,FNS、UHF,26,5,5
10/3/06,ゴーストハント,J.C.STAFF,TXN,25,7,7
10/3/06,RED GARDEN,GONZO,EX,22,10,9
10/3/06,DEATH NOTE,マッドハウス,NTV,37,10,9
10/3/06,D.Gray-man,トムス・エンタテインメント,TX,103,10,10
10/3/06,ヤマトナデシコ七変化♥,日本アニメーション,TXN,25,11,11
10/3/06,砂沙美☆魔法少女クラブ シーズン2,AICスピリッツ,WOWOW,13,17,16
10/4/06,蒼天の拳,A.P.P.P.[注6 3],EX,26,4,4
10/4/06,武装錬金,XEBEC,TXN,26,4,4
10/4/06,ネギま!?,ガンジス、シャフト,TX,26,5,5
10/4/06,銀河鉄道物語 〜永遠への分岐点〜,プラネットエンターテイメント,CBC,26,16,15
10/4/06,スーパーロボット大戦OG -ディバイン・ウォーズ-,OLM,TXN,26,25,24
10/4/06,夜明け前より瑠璃色な 〜Crescent Love〜,童夢,BS-i,12,26,24
10/5/06,009-1,石森エンタテインメント,TBS,12,5,5
10/5/06,はぴねす!,アートランド,UHF,12,5,5
10/5/06,あさっての方向。,J.C.STAFF,TBS,12,8,8
10/5/06,銀色のオリンシス,東映アニメーション,ABC、NBN,12,8,8
10/5/06,Kanon（第2作）,京都アニメーション,BS-i,24,10,10
10/5/06,護くんに女神の祝福を!,ZEXCS,WOWOW,24,11,11
10/5/06,人造昆虫カブトボーグ V×V,G&G,BSJ,52,14,13
10/5/06,コードギアス 反逆のルルーシュ,サンライズ,MBS,25,15,14
10/5/06,すもももももも 〜地上最強のヨメ〜,スタジオ雲雀,EX,24,17,16
10/5/06,Gift 〜ギフト〜 eternal rainbow,OLM,UHF,13,26,23
10/6/06,くじびき♥アンバランス,亜細亜堂,KIDS STATION,12,11,11
10/7/06,地獄少女 二籠,スタジオディーン,ANIMAX,26,7,6
10/7/06,天保異聞 妖奇士,ボンズ,MBS,25,8,7
10/7/06,流星のロックマン,XEBEC,TX,55,8,8
10/7/06,史上最強の弟子ケンイチ,トムス・エンタテインメント,TX,50,11,11
10/7/06,乙女はお姉さまに恋してる,feel.,UHF,13,12,12
10/7/06,ぷるるんっ!しずくちゃん,トムス・エンタテインメント,TX,51,12,12
10/7/06,家庭教師ヒットマンREBORN!,アートランド,TX,203,16,16
10/7/06,サルゲッチュ 〜オンエアー〜 2nd,XEBEC,TX,51,18,16
10/12/06,働きマン,ぎゃろっぷ,CX,11,4,4
10/14/06,バーテンダー,パルムスタジオ,CX,11,6,6
10/15/06,祝!(ハピ☆ラキ)ビックリマン,東映アニメーション,EX,46,15,15
10/16/06,結界師,サンライズ,YTV,52,3,3
11/1/06,奏光のストレイン,スタジオ・ファンタジア,WOWOW,13,8,8
11/1/06,TOKYO TRIBE 2,マッドハウス,WOWOW,13,13,11
11/20/06,うっかりペネロペ（第1期）,日本アニメーション,NHK教育,28,13,13
12/28/06,ショートDEアニメ魂（短編アニメ）,,UHF,-,17,17
1/2/07,ハローキティ りんごの森のミステリー,サンリオ,TX,13,18,17
1/4/07,Saint October,スタジオコメット,UHF,26,13,12
1/5/07,京四郎と永遠の空,ティー・エヌ・ケー,AT-X,12,8,8
1/6/07,ひまわりっ!!,アームス,UHF,13,7,7
1/6/07,デルトラクエスト,OLM,TVA,65,8,8
1/6/07,メジャー（第3期）,スタジオ雲雀,NHK教育,26,9,9
1/7/07,SHUFFLE! MEMORIES,アスリード,UHF,12,17,16
1/7/07,がくえんゆーとぴあ まなびストレート!,ufotable,TXN,13,19,18
1/7/07,レ・ミゼラブル 少女コゼット（世界名作劇場）[注7 2],日本アニメーション,BSフジ,52,28,26
1/7/07,MASTER of EPIC The AnimationAge,パルムスタジオ、ゴンジーノ,TXN,12,31,27
1/11/07,ひだまりスケッチ,シャフト,TBS,12,8,8
1/11/07,のだめカンタービレ,J.C.STAFF,CX,23,9,9
1/11/07,Venus Versus Virus,スタジオ雲雀,TBS,12,18,16
1/13/07,月面兎兵器ミーナ,GONZO,CX,11,8,8
1/13/07,恋する天使アンジェリーク 〜かがやきの明日〜,サテライト,KIDS STATION,12,22,21
1/15/07,ファイテンション☆デパート（短編アニメ+実写）,DLE,TX,-,23,23
1/19/07,東京魔人學園剣風帖 龖,ビースタック、AICスピリッツ,ANIMAX,14,11,10
2/4/07,Yes!プリキュア5,東映アニメーション,ABC,49,10,10
2/4/07,古代王者 恐竜キング Dキッズ・アドベンチャー,サンライズ,NBN,49,23,21
2/9/07,GR-GIANT ROBO-,A・C・G・T,スカイパーフェクTV!,13,14,13
2/15/07,獣装機攻ダンクーガノヴァ,葦プロダクション,ANIMAX,12,12,12
2/15/07,NARUTO -ナルト- 疾風伝,ぴえろ,TX,500,16,14
2/21/07,ロケットガール,ムークDLE,WOWOW,12,7,7
2/26/07,一騎当千 Dragon Destiny,アームス,AT-X,12,19,17
3/3/07,REIDEEN,Production I.G,WOWOW,26,7,7
3/3/07,MOONLIGHT MILE -Lift off-,スタジオ雲雀,WOWOW,12,25,22
3/28/07,ひとひら,XEBEC M2,AT-X,12,4,4
4/1/07,瀬戸の花嫁,GONZO、AIC,TXN,26,5,5
4/1/07,ハヤテのごとく!,SynergySP,TX,52,8,8
4/1/07,ロビーとケロビー,A-1 Pictures,TVO,52,8,8
4/1/07,ヒロイック・エイジ,XEBEC,TXN,26,9,9
4/1/07,天元突破グレンラガン,GAINAX,TX,27,10,10
4/1/07,ゲゲゲの鬼太郎（第5作）,東映アニメーション,CX,100,12,12
4/1/07,おねがいマイメロディ すっきり♪,スタジオコメット,TVO,52,16,15
4/1/07,魔法少女リリカルなのはStrikerS,セブン・アークス,UHF,26,19,19
4/2/07,桃華月憚,スタジオディーン,BS朝日、UHF,26,4,4
4/2/07,エル・カザド,ビィートレイン,TX,26,6,6
4/2/07,アイドルマスター XENOGLOSSIA,サンライズ,TXN、UHF,26,20,19
4/3/07,大江戸ロケット,マッドハウス,UHF,26,7,7
4/3/07,CLAYMORE,マッドハウス,NTV,26,8,8
4/3/07,シュガーバニーズ,サンリオ,TX,27,8,8
4/3/07,神曲奏界ポリフォニカ,銀画屋,TBS,12,10,10
4/3/07,Over Drive,XEBEC,TXN,26,10,9
4/3/07,セイント・ビースト 〜光陰叙事詩天使譚〜,東京キッズ,UHF,13,20,19
4/3/07,キスダム -ENGAGE planet-,サテライト,TXN,27,20,18
4/3/07,この青空に約束を― 〜ようこそつぐみ寮へ〜,アートランド,UHF,13,21,20
4/3/07,ウエルベールの物語 〜Sisters of Wellber〜,トランス・アーツ,NBN,13,30,27
4/4/07,ながされて藍蘭島,feel.,TXN,26,8,8
4/4/07,ロミオ×ジュリエット,GONZO,CBC,24,10,10
4/4/07,巨人の星【特別篇】 父 一徹,東京ムービー,CS日本,13,14,12
4/4/07,機神大戦ギガンティック・フォーミュラ,ブレインズ・ベース,TX,26,18,18
4/5/07,鋼鉄三国志,ピクチャーマジック,TXN,26,5,5
4/5/07,鋼鉄神ジーグ,アクタス,WOWOW,13,6,6
4/5/07,爆丸 バトルブローラーズ,トムス・エンタテインメント、ジャパンヴィステック,TX,52,12,11
4/5/07,やさいのようせい N.Y.SALAD（第1期）,デジタル・メディア・ラボ,NHK教育,26,23,22
4/5/07,DARKER THAN BLACK -黒の契約者-,ボンズ,MBS,26,25,22
4/6/07,sola,ノーマッド,TXN、UHF,15,4,4
4/6/07,かみちゃまかりん,サテライト,TX,26,8,8
4/6/07,シャイニング・ティアーズ・クロス・ウィンド,スタジオディーン,UHF,13,21,21
4/7/07,地球へ…,南町奉行所、東京キッズ,MBS,24,4,4
4/7/07,ラブ★コン,東映アニメーション,TBS,24,5,5
4/7/07,精霊の守り人,Production I.G,NHK-BS2,26,6,6
4/7/07,風の少女エミリー,トムス・エンタテインメント,NHK教育,26,8,8
4/7/07,彩雲国物語（第2期）,マッドハウス,NHK-BS2,39,10,10
4/7/07,BLUE DRAGON,ぴえろ,TX,51,11,10
4/8/07,ぼくらの,GONZO,UHF,24,4,4
4/8/07,らき☆すた,京都アニメーション,UHF,24,5,5
4/9/07,ゼロ デュエル・マスターズ,SynergySP,TX,12,13,12
4/11/07,風のスティグマ,GONZO,TXN、UHF,24,7,7
4/12/07,怪物王女,マッドハウス,TBS,26,4,4
4/12/07,おおきく振りかぶって,A-1 Pictures,TBS、MBS,25,10,10
4/14/07,チビナックス2.0,,STV,25,9,9
4/14/07,スパイダーライダーズ 〜よみがえる太陽〜,ビィートレイン,KIDS STATION,26,20,19
4/16/07,英國戀物語エマ 第二幕,亜細亜堂,UHF,12,11,10
4/28/07,スカルマン,ボンズ,CX,13,5,5
5/12/07,電脳コイル,マッドハウス,NHK教育,26,5,5
6/14/07,デビルメイクライ,マッドハウス,WOWOW,12,8,8
6/15/07,湾岸ミッドナイト,A・C・G・T,CS,26,8,8
6/24/07,鉄子の旅,グループ・タック,ファミリー劇場,13,4,4
7/2/07,ななついろ★ドロップス,スタジオバルセロナ,UHF,12,11,11
7/3/07,CODE-E,スタジオディーン,NBN,12,6,6
7/3/07,ドージンワーク,REMIC,UHF,12,7,7
7/3/07,School Days,ティー・エヌ・ケー,UHF,12,11,10
7/3/07,ZOMBIE-LOAN,XEBEC M2,EX,13,11,11
7/3/07,ケンコー全裸系水泳部 ウミショー,アートランド,UHF,13,16,15
7/3/07,BUZZER BEATER（第2期）,トムス・エンタテインメント,NTV,13,18,17
7/5/07,ムシウタ,ビートフロッグ,WOWOW,12,4,4
7/5/07,スカイガールズ,J.C.STAFF,UHF,26,7,7
7/5/07,ひぐらしのなく頃に解,スタジオディーン,UHF,24,10,10
7/6/07,ぽてまよ,J.C.STAFF,UHF,12,4,4
7/6/07,はぴはぴクローバー,グループ・タック,KIDS STATION,26,9,9
7/7/07,さよなら絶望先生,シャフト,UHF,12,8,8
7/7/07,ファイテンション☆スクール（短編アニメ+実写）,,TX,-,23,23
7/8/07,もえたん,アクタス,UHF,13,4,4
7/8/07,ゼロの使い魔 〜双月の騎士〜,J.C.STAFF,UHF,12,14,13
7/12/07,モノノ怪,東映アニメーション,CX,12,4,4
7/19/07,シグルイ,マッドハウス,WOWOW,12,4,4
7/26/07,BACCANO! -バッカーノ!-,ブレインズ・ベース,WOWOW,16,17,16
7/27/07,東京魔人學園剣風帖 龖 第弐幕,ビースタック、AICスピリッツ,ANIMAX,12,15,13
9/13/07,MOONLIGHT MILE -Touch down-,スタジオ雲雀,WOWOW,14,27,24
10/1/07,バンブーブレード,AIC ASTA,TXN,26,8,8
10/1/07,D.C.II 〜ダ・カーポII〜,feel.,UHF,13,16,15
10/2/07,もっけ,マッドハウス、手塚プロダクション,NBN,26,3,3
10/2/07,素敵探偵ラビリンス,スタジオディーン,TXN,25,9,9
10/2/07,魔人探偵脳噛ネウロ,マッドハウス,NTV,25,9,9
10/2/07,Myself ; Yourself,動画工房,UHF,13,17,16
10/2/07,BLUE DROP 〜天使達の戯曲〜,ビースタック、旭プロダクション,UHF,13,18,16
10/2/07,ハローキティ りんごの森とパラレルタウン,サンリオ,TX,,20,19
10/2/07,ナイトウィザード The ANIMATION,ハルフィルムメーカー,UHF,13,22,20
10/2/07,逆境無頼カイジ Ultimate Survivor,マッドハウス,NTV,26,25,23
10/3/07,ご愁傷さま二ノ宮くん,AICスピリッツ,TXN、UHF,12,10,10
10/3/07,ドラゴノーツ -ザ・レゾナンス-,GONZO,TXN,26,16,15
10/4/07,CLANNAD,京都アニメーション,TBS,24,7,7
10/4/07,逮捕しちゃうぞ フルスロットル,スタジオディーン,TBS,24,15,14
10/4/07,灼眼のシャナII -Second-,J.C.STAFF,MBS,24,17,16
10/4/07,スケッチブック 〜full color's〜,ハルフィルムメーカー,AT-X,13,22,20
10/6/07,まめうしくん,トムス・エンタテインメント,UHF,52,6,6
10/6/07,しゅごキャラ!,サテライト,TX,51,7,7
10/6/07,天才? Dr.ハマックス,トランス・アーツ,ファミリー劇場,12,12,11
10/6/07,デュエル・マスターズ ゼロ,小学館ミュージック&デジタル エンタテイメント,TX,25,13,12
10/6/07,機動戦士ガンダム00（第1期）,サンライズ,MBS,25,15,15
10/6/07,キミキス pure rouge,J.C.STAFF,JNN、UHF,25,15,13
10/6/07,ef - a tale of memories.,シャフト,UHF,12,24,19
10/7/07,みなみけ,童夢,TXN,13,4,4
10/7/07,レンタルマギカ,ZEXCS,UHF,24,7,7
10/7/07,やっとかめ探偵団,エー・シー・エス、ノーサイド,TVA,13,8,8
10/7/07,PRISM ARK,フロントライン,UHF,12,9,8
10/7/07,メイプルストーリー,マッドハウス,TX,25,9,9
10/7/07,はたらキッズ マイハム組,東映アニメーション,EX,50,12,11
10/7/07,獣神演武 -HERO TALES-,スタジオフラッグ,TXN,26,17,15
10/7/07,ぷるるんっ!しずくちゃん あはっ☆,トムス・エンタテインメント,TX,51,17,16
10/7/07,The World of GOLDEN EGGS SEASON2,PLUS heads inc.,KIDS STATION,13,32,27
10/11/07,もやしもん,白組、テレコム・アニメーションフィルム,CX,11,5,5
10/11/07,こどものじかん,スタジオバルセロナ,UHF,12,7,7
10/12/07,げんしけん2,アームス,KIDS STATION,12,6,6
10/13/07,しおんの王,スタジオディーン,CX,22,5,5
10/18/07,神霊狩/GHOST HOUND,Production I.G,WOWOW,22,15,14
10/20/07,一期一会 恋バナ友バナ,フォーサム,KIDS STATION,13,11,10
11/3/07,流星のロックマン トライブ,XEBEC,TX,21,13,12
11/5/07,ボノロン 〜不思議な森のいいつたえ〜,アクタス,KIDS STATION,26,18,17
11/10/07,エレキング the Animation,瑞鷹,KIDS STATION,13,19,17
12/1/07,さぁイコー! たまごっち,OLM,BS11,12,12,11
12/12/07,AYAKASHI,東京キッズ,AT-X,12,8,8
1/1/08,ウエルベールの物語 〜Sisters of Wellber〜 第二幕,トランス・アーツ,UHF,13,34,30
1/3/08,ロザリオとバンパイア,GONZO,UHF、TXN,13,10,10
1/3/08,H2O -FOOTPRINTS IN THE SAND-,ZEXCS,UHF,12,28,24
1/4/08,破天荒遊戯,スタジオディーン,UHF,10,5,5
1/5/08,シゴフミ,J.C.STAFF,UHF,13,4,4
1/5/08,全力ウサギ,トムス・エンタテインメント,UHF,52,5,5
1/5/08,君が主で執事が俺で,A・C・G・T,UHF,13,9,9
1/5/08,メジャー（第4期）,SynergySP,NHK教育,26,9,9
1/5/08,true tears,P.A.WORKS,UHF,13,10,9
1/5/08,【俗・】さよなら絶望先生,シャフト,UHF,13,12,12
1/5/08,PERSONA -trinity soul-,A-1 Pictures,UHF,26,22,20
1/6/08,みなみけ おかわり,アスリード,TXN,13,9,8
1/6/08,ポルフィの長い旅（世界名作劇場）,日本アニメーション,BSフジ,52,16,16
1/7/08,ARIA The ORIGINATION,ハルフィルムメーカー,TX,14,20,18
1/7/08,GUNSLINGER GIRL -IL TEATRINO-,アートランド,UHF,15,29,26
1/8/08,狼と香辛料,IMAGIN,UHF,13,5,5
1/9/08,のらみみ,トムス・エンタテインメント,CBC,12,4,4
1/10/08,墓場鬼太郎,東映アニメーション,CX,11,5,5
1/14/08,ヤッターマン,タツノコプロ,YTV,62,6,6
1/18/08,ユメミル、アニメ onちゃん,エッグ,HTB,26,14,13
2/3/08,Yes!プリキュア5GoGo!,東映アニメーション,ABC,48,15,15
2/3/08,古代王者 恐竜キング Dキッズ・アドベンチャー 翼竜伝説,サンライズ,NBN,30,28,25
3/17/08,増田こうすけ劇場 ギャグマンガ日和3,スタジオディーン,KIDS STATION,12,18,17
3/31/08,チーズスイートホーム,マッドハウス,TX,104,10,10
4/1/08,シュガーバニーズ ショコラ!,サンリオ,TX,27,14,13
4/2/08,リトル・チャロ,Spooky graphic,NHK総合、NHK教育,50,7,7
4/2/08,遊☆戯☆王5D's,ぎゃろっぷ,TX,154,9,9
4/3/08,マクロスF,サテライト,MBS,25,5,5
4/3/08,アリソンとリリア,マッドハウス,NHK-BS2,26,8,8
4/3/08,紅 KURENAI,ブレインズ・ベース,UHF,12,9,8
4/3/08,xxxHOLiC◆継,Production I.G,TBS,13,10,10
4/3/08,今日から㋮王!（第3期）,スタジオディーン,NHK-BS2,39,12,12
4/3/08,To LOVEる -とらぶる-,XEBEC,TBS,26,15,13
4/4/08,あまつき,スタジオディーン,UHF,13,4,4
4/4/08,イタズラなKiss,トムス・エンタテインメント,CBC,25,9,9
4/4/08,きらりん☆レボリューション STAGE3,SynergySP,TX,51,20,19
4/4/08,ドルアーガの塔 〜the Aegis of URUK〜,GONZO,UHF,13,27,23
4/5/08,かのこん,XEBEC,AT-X,12,4,4
4/5/08,ペンギンの問題,小学館ミュージック&デジタル エンタテイメント,TX,102,7,7
4/5/08,仮面のメイドガイ,マッドハウス,UHF,12,8,8
4/5/08,BLASSREITER,GONZO,UHF,24,11,11
4/5/08,Attacked kuma3,RADIX MOBANIMATION,YTV,37,14,13
4/5/08,デュエル・マスターズ クロス,小学館ミュージック&デジタル エンタテイメント,TX,100,14,13
4/5/08,BLUE DRAGON 天界の七竜,ぴえろ,TX,51,17,15
4/5/08,ファイテンション☆テレビ（短編アニメ+実写）,,TX,-,22,22
4/5/08,D.C.II S.S. 〜ダ・カーポII セカンドシーズン〜,feel.,UHF,13,30,27
4/6/08,隠の王,J.C.STAFF,TXN、KIDS STATION,26,3,3
4/6/08,絶対可憐チルドレン,SynergySP,TX,51,9,9
4/6/08,我が家のお稲荷さま。,ZEXCS,UHF,24,10,10
4/6/08,ネットゴーストPIPOPA,スタジオ雲雀,TX,51,13,13
4/6/08,S・A 〜スペシャル・エー〜,GONZO、AIC,UHF,24,14,13
4/6/08,ネオ アンジェリーク Abyss,ゆめ太カンパニー,TXN,13,16,14
4/6/08,おねがい♪マイメロディ きららっ★,スタジオコメット,TVO,52,17,16
4/6/08,コードギアス 反逆のルルーシュ R2,サンライズ,MBS,25,18,16
4/7/08,ファイアボール,ジーニーズアニメーションスタジオ,UHF、ディズニー・チャンネル,13,7,7
4/7/08,ソウルイーター,ボンズ,TX,51,7,7
4/7/08,ヴァンパイア騎士,スタジオディーン,TXN,13,8,8
4/7/08,モノクローム・ファクター,A・C・G・T,TXN,24,12,12
4/7/08,はっけん たいけん だいすき! しまじろう（アニメ+実写）,アゼータ・ピクチャーズ,TSC,101,29,26
4/8/08,うちの3姉妹,東映アニメーション、STUDIO ANIMAL,TX,102,6,6
4/8/08,RD 潜脳調査室,Production I.G,NTV,26,8,7
4/8/08,クリスタル ブレイズ,スタジオ・ファンタジア,UHF,12,10,9
4/8/08,秘密 -The Revelation-,マッドハウス,NTV,26,19,17
4/10/08,カイバ,マッドハウス,WOWOW,12,3,3
4/10/08,純情ロマンチカ,スタジオディーン,UHF,12,7,7
4/11/08,図書館戦争,Production I.G,CX,13,5,5
4/11/08,ゴルゴ13,アンサー・スタジオ,TX,50,5,5
4/12/08,忍者玉丸,トマソン,ファミリー劇場,26,4,4
4/12/08,二十面相の娘,ボンズ、テレコム・アニメーションフィルム,CX,22,6,6
4/12/08,狂乱家族日記,ノーマッド,UHF,26,6,6
4/21/08,いつもわがままガマ王子,DLE,TX,17,11,11
5/5/08,やさいのようせい N.Y.SALAD（第2期）,デジタル・メディア・ラボ,NHK教育,26,23,22
6/2/08,ロボディーズ -RoboDz- 風雲篇,東映アニメーション,トゥーン・ディズニー,26,19,17
6/3/08,チビナックス シーズン3,,STV,25,12,11
6/11/08,一騎当千 Great Guardians,アームス,AT-X,12,20,18
6/21/08,テレパシー少女 蘭,トムス・エンタテインメント,NHK教育,26,9,8
6/30/08,なぜ? どうして? がおがおぶーっ!,スリー・ディ,NHK教育,26,18,16
7/1/08,ウルトラヴァイオレット コード044,マッドハウス,ANIMAX、BS11,12,18,17
7/2/08,セキレイ,セブン・アークス,UHF,12,4,4
7/2/08,スレイヤーズREVOLUTION,J.C.STAFF,TXN,13,16,16
7/2/08,魔法遣いに大切なこと 〜夏のソラ〜,ハルフィルムメーカー,EX,12,17,16
7/3/08,スケアクロウマン,トムス・エンタテインメント,UHF,26,8,8
7/3/08,ストライクウィッチーズ,GONZO,UHF,12,11,11
7/3/08,ひだまりスケッチ×365,シャフト,TBS,14,12,12
7/3/08,西洋骨董洋菓子店 〜アンティーク〜,日本アニメーション、白組,CX,12,17,16
7/4/08,鉄腕バーディー DECODE,A-1 Pictures,UHF,13,14,13
7/5/08,薬師寺涼子の怪奇事件簿,動画工房,UHF,13,11,11
7/6/08,ゼロの使い魔 〜三美姫の輪舞〜,J.C.STAFF,UHF,13,15,14
7/6/08,ネオ アンジェリーク Abyss -Second Age-,ゆめ太カンパニー,TXN,13,29,25
7/7/08,夏目友人帳,ブレインズ・ベース,TXN,13,5,5
7/7/08,Mission-E,スタジオディーン,UHF,12,9,9
7/7/08,WORLD DESTRUCTION -世界撲滅の六人-,Production I.G,TXN,13,27,25
7/8/08,恋姫†無双,動画工房,UHF,12,5,5
7/13/08,無限の住人,ビィートレイン,AT-X,13,5,5
7/14/08,乃木坂春香の秘密,ディオメディア,YTV,12,8,8
9/6/08,Little Village People,,MTV,15,21,19
9/7/08,バトルスピリッツ 少年突破バシン,サンライズ,NBN,50,16,15
9/13/08,マッハガール,スタジオロン,Cartoon Network,26,6,6
10/1/08,ヒャッコ,日本アニメーション,TXN,13,4,4
10/1/08,のらみみ2,トムス・エンタテインメント,CBC,12,5,5
10/1/08,とらドラ!,J.C.STAFF,TXN,25,5,5
10/1/08,キャシャーン Sins,マッドハウス,UHF,24,11,10
10/1/08,ロザリオとバンパイア CAPU2,GONZO,TXN、UHF,13,16,15
10/2/08,黒執事,A-1 Pictures,MBS,25,3,3
10/2/08,屍姫 赫,GAINAX、feel.,AT-X、UHF,13,4,3
10/2/08,あかね色に染まる坂,ティー・エヌ・ケー,UHF,12,9,9
10/2/08,北斗の拳 ラオウ外伝 天の覇王,サテライト,TXN、UHF,13,15,13
10/2/08,夜桜四重奏 〜ヨザクラカルテット〜,ノーマッド,TBS,12,17,16
10/2/08,CLANNAD 〜AFTER STORY〜,京都アニメーション,TBS,25,21,19
10/3/08,鉄のラインバレル,GONZO,CBC,26,8,8
10/3/08,ネットミラクルショッピング,,MBS,12,13,13
10/3/08,天体戦士サンレッド（第1期）,AIC ASTA,UHF,26,14,14
10/4/08,かんなぎ,A-1 Pictures,UHF,14,4,4
10/4/08,地獄少女 三鼎,スタジオディーン,TOKYO MX,26,7,6
10/4/08,しゅごキャラ!!どきっ,サテライト,TX,51,11,11
10/4/08,テイルズ オブ ジ アビス,サンライズ,MBS,26,13,10
10/4/08,絶対やれるギリシャ神話（アニメ+実写）,A-1 Pictures、ノーサイド,NTV,13,19,19
10/5/08,喰霊-零-,アスリード、AICスピリッツ,UHF,12,5,5
10/5/08,今日の5の2,XEBEC,TXN,13,6,6
10/5/08,イナズマイレブン,OLM,TX,127,8,8
10/5/08,スキップ・ビート!,ハルフィルムメーカー,TXN,25,9,9
10/5/08,まかでみ・WAっしょい!,ZEXCS,UHF,12,12,12
10/5/08,機動戦士ガンダム00（第2期）,サンライズ,MBS,25,15,15
10/5/08,ライブオン CARDLIVER 翔,トムス・エンタテインメント,TX,51,17,15
10/6/08,美肌一族,オムニバス・ジャパン,TX,12,4,4
10/6/08,ケメコデラックス!,ハルフィルムメーカー,YTV,12,9,9
10/6/08,ヴァンパイア騎士 Guilty,スタジオディーン,TXN,13,15,14
10/6/08,ef - a tale of melodies.,シャフト,UHF,12,24,19
10/7/08,魍魎の匣,マッドハウス,NTV,13,4,4
10/7/08,伯爵と妖精,アートランド,UHF,12,5,5
10/7/08,黒塚 KUROZUKA,マッドハウス,ANIMAX、BS11,12,11,10
10/7/08,ONE OUTS -ワンナウツ-,マッドハウス,NTV,25,16,14
10/8/08,スティッチ!,マッドハウス,TX,26,6,6
10/9/08,とある魔術の禁書目録,J.C.STAFF,AT-X,24,10,10
10/9/08,のだめカンタービレ 巴里編,J.C.STAFF,CX,11,13,12
10/9/08,TYTANIA -タイタニア-,アートランド,NHK-BS2,26,15,14
10/11/08,純情ロマンチカ2,スタジオディーン,UHF,12,8,8
10/12/08,ねぎぼうずのあさたろう,東映アニメーション,EX,48,11,11
10/14/08,CHAOS;HEAD,マッドハウス,KIDS STATION,12,10,10
10/15/08,ミチコとハッチン,マングローブ,CX,22,8,8
11/22/08,お茶犬 緑っとものがたり,,KIDS STATION,13,12,11
12/19/08,Peeping Life,コミックス・ウェーブ・フィルム,BS朝日、KIDS STATION,10,12,11
1/1/09,屍姫 玄,GAINAX、feel.,AT-X、UHF,13,4,3
1/3/09,アキカン!,ブレインズ・ベース,BS11,12,5,5
1/3/09,マリア様がみてる（第4期）,スタジオディーン,AT-X、UHF,13,13,13
1/3/09,WHITE ALBUM（第1期）,セブン・アークス,UHF,13,16,15
1/4/09,みなみけ おかえり,アスリード,TXN,13,9,8
1/5/09,続 夏目友人帳,ブレインズ・ベース,TXN,13,7,6
1/5/09,宇宙をかける少女,サンライズ,TX,26,8,8
1/6/09,VIPER'S CREED,AICスピリッツ、デジタル・フロンティア,ANIMAX、BS11,12,13,12
1/6/09,はじめの一歩 New Challenger,マッドハウス,NTV,26,21,19
1/8/09,明日のよいち!,AIC,TBS,12,7,7
1/8/09,まりあ†ほりっく,シャフト,AT-X,12,8,8
1/8/09,黒神 The Animation,サンライズ,EX,25,16,14
1/8/09,ドルアーガの塔 〜the Sword of URUK〜,GONZO,UHF,12,27,23
1/9/09,鉄腕バーディー DECODE:02,A-1 Pictures,UHF,12,17,16
1/10/09,鋼殻のレギオス,ZEXCS,UHF,24,7,7
1/10/09,エグザムライ戦国,トムス・エンタテインメント,NTV,24,8,8
1/10/09,獣の奏者 エリン,Production I.G、トランス・アーツ,NHK教育,50,8,7
1/10/09,メジャー（第5期）,SynergySP,NHK教育,25,9,9
1/10/09,クプ〜!!まめゴマ!,トムス・エンタテインメント,TVK,51,10,10
1/11/09,RIDEBACK,マッドハウス,UHF,12,8,8
1/12/09,スレイヤーズEVOLUTION-R,J.C.STAFF,AT-X,13,17,17
1/13/09,夢をかなえるゾウ,スタジオディーン,TBS,12,8,8
1/14/09,さくらんBOY DT,,SAY,11,10,9
1/15/09,源氏物語千年紀 Genji,トムス・エンタテインメント、手塚プロダクション,CX,11,13,12
1/23/09,京浜家族,蛙男商会,TVK,32,4,4
2/1/09,フレッシュプリキュア!,東映アニメーション,ABC,50,11,11
3/30/09,チーズスイートホーム あたらしいおうち,マッドハウス,TX,104,19,18
3/30/09,クッキンアイドル アイ!マイ!まいん!（アニメ+実写）,NAS,NHK教育,400,27,26
3/31/09,マリー&ガリー,東映アニメーション,NHK教育,40,7,7
4/1/09,毎日かあさん,ぎゃろっぷ、同友アニメーション、TYOアニメーションズ,TX,142,6,6
4/1/09,戦国BASARA,Production I.G,CBC、MBS,13,8,8
4/1/09,キャラディのジョークな毎日,,UHF,365,13,13
4/2/09,けいおん!,京都アニメーション,TBS,14,5,5
4/2/09,アスラクライン,セブン・アークス,AT-X、UHF,13,7,7
4/2/09,バスカッシュ!,サテライト,MBS,26,7,7
4/2/09,PandoraHearts,XEBEC,TBS,25,13,13
4/2/09,クイーンズブレイド 流浪の戦士,アームス,AT-X,12,15,14
4/2/09,涼宮ハルヒの憂鬱（再放送+新作）,京都アニメーション,UHF,28,16,16
4/2/09,Phantom -Requiem for the Phantom-,ビィートレイン,TXN,26,33,29
4/3/09,ヒゲぴよ,キネマシトラス,NHK教育,39,4,4
4/3/09,ハヤテのごとく!!,J.C.STAFF,TX,25,9,9
4/3/09,アラド戦記 〜スラップアップパーティー〜,GONZO、GK Entertainment,TXN,26,20,19
4/4/09,戦場のヴァルキュリア ,A-1 Pictures,UHF,26,11,11
4/4/09,極上!!めちゃモテ委員長,小学館ミュージック&デジタル エンタテイメント,TX,51,12,12
4/4/09,真マジンガー 衝撃! Z編,ビーメディア、Code,TXN,26,13,11
4/4/09,神曲奏界ポリフォニカ crimson S,ディオメディア,UHF,12,20,18
4/5/09,夏のあらし!,シャフト,TXN,13,6,6
4/5/09,クロスゲーム,SynergySP,TX,50,6,6
4/5/09,シャングリ・ラ,GONZO,UHF,24,7,7
4/5/09,咲-Saki-,GONZO、ピクチャーマジック,TXN,25,7,7
4/5/09,グイン・サーガ,サテライト,NHK-BS2,26,7,7
4/5/09,花咲ける青少年,ぴえろ,NHK-BS2,39,7,7
4/5/09,ジュエルペット,スタジオコメット,TVO,52,7,7
4/5/09,ティアーズ・トゥ・ティアラ,WHITE FOX,UHF,26,13,13
4/5/09,メタルファイト ベイブレード,タツノコプロ,TX,51,14,13
4/5/09,ことなかれヒーロー じんじゃーまん,KENJI STUDIO、エムズプランニング,UHF,12,17,16
4/5/09,タユタマ -Kiss on my Deity-,SILVER LINK.,UHF,12,23,19
4/5/09,鋼の錬金術師 FULLMETAL ALCHEMIST,ボンズ,MBS,64,26,24
4/5/09,こんにちは アン 〜Before Green Gables（世界名作劇場）,日本アニメーション,BSフジ,39,37,33
4/6/09,蒼天航路,マッドハウス,NTV,26,4,4
4/6/09,07-GHOST,スタジオディーン,YTV,25,8,8
4/7/09,シュガーバニーズ フルール,サンリオ,TX,27,13,12
4/8/09,リストランテ・パラディーゾ,david production,CX,11,13,13
4/9/09,東のエデン,Production I.G,CX,11,5,5
4/11/09,初恋限定。,J.C.STAFF,BS11,12,5,5
4/26/09,うんこさん-ツイてる人にしか見えない妖精-,弥栄堂フヰルム,KTV,13,21,21
4/29/09,ドラゴンボール改（第1期）,東映アニメーション,CX,98,13,13
5/23/09,新忍者玉丸,トマソン,ファミリー劇場,26,5,5
6/5/09,ヴァイス・サヴァイヴ,スタジオ雲雀,TBS,16,10,10
6/24/09,うみものがたり 〜あなたがいてくれたコト〜,ZEXCS,CBC,13,21,20
6/25/09,ファイト一発! 充電ちゃん!!,スタジオ雲雀,AT-X,12,15,14
6/29/09,うっかりペネロペ（第2期）,日本アニメーション,NHK教育,26,13,13
7/1/09,青い花,J.C.STAFF,CX,11,3,3
7/1/09,うみねこのなく頃に,スタジオディーン,UHF,26,9,9
7/2/09,大正野球娘。,J.C.STAFF,TBS,12,6,6
7/2/09,NEEDLESS,マッドハウス,UHF,24,8,8
7/3/09,化物語,シャフト,UHF,15,3,3
7/4/09,CANAAN,P.A.WORKS,UHF,13,6,6
7/4/09,エレメントハンター,NHKエンタープライズ、ヒウォンエンタテインメント,NHK教育,39,9,9
7/4/09,【懺・】さよなら絶望先生,シャフト,UHF,13,12,12
7/5/09,かなめも,feel.,TX,13,4,4
7/5/09,くるねこ,スタジオディーン,KTV、THK,100,4,4
7/5/09,プリンセスラバー!,GoHands,UHF,12,9,9
7/6/09,GA 芸術科アートデザインクラス,AIC PLUS+,YTV,12,16,15
7/7/09,宙のまにまに,スタジオコメット,AT-X,12,6,6
7/8/09,狼と香辛料II,ブレインズ・ベース、マーヴィージャック,UHF,12,7,7
7/9/09,東京マグニチュード8.0,ボンズ、キネマシトラス,CX,11,12,12
7/11/09,よくわかる現代魔法,ノーマッド,BS11、AT-X,13,9,9
9/13/09,バトルスピリッツ 少年激覇ダン,サンライズ,NBN,50,15,14
9/24/09,クイーンズブレイド 玉座を継ぐ者,アームス,AT-X,12,16,15
10/1/09,けんぷファー,ノーマッド,TBS,12,6,6
10/1/09,にゃんこい!,AIC,TBS,12,6,6
10/1/09,アスラクライン2,セブン・アークス,AT-X、UHF,13,8,8
10/2/09,生徒会の一存,スタジオディーン,UHF、BS日テレ、TXN,12,6,6
10/2/09,WHITE ALBUM（第2期）,セブン・アークス,UHF,13,16,15
10/2/09,戦う司書 The Book of Bantorra,david production,ANIMAX、BS11,27,25,21
10/3/09,炬燵猫,弥栄堂フヰルム,UHF,24,3,3
10/3/09,テガミバチ,ぴえろプラス,TX,25,5,5
10/3/09,聖剣の刀鍛冶,マングローブ,AT-X,12,6,6
10/3/09,犬夜叉 完結編,サンライズ,YTV,26,7,6
10/3/09,しゅごキャラ!パーティー!,サテライト,TX,25,13,13
10/3/09,天体戦士サンレッド（第2期）,AIC ASTA,UHF,26,14,14
10/4/09,そらのおとしもの,AIC ASTA,UHF,12,8,8
10/4/09,夢色パティシエール,スタジオ雲雀,YTV,50,9,9
10/4/09,夏のあらし! 〜春夏冬中〜,シャフト,TXN,13,13,12
10/4/09,ミラクル☆トレイン〜大江戸線へようこそ〜,ゆめ太カンパニー,TX,13,20,20
10/5/09,たまごっち!,OLM,TX,143,6,6
10/5/09,真・恋姫†無双,動画工房,AT-X,13,7,7
10/5/09,とある科学の超電磁砲,J.C.STAFF,AT-X,24,10,10
10/5/09,あにゃまる探偵 キルミンずぅ,サテライト、ハルフィルムメーカー、JM ANIMATION,TXN、AT-X,50,14,13
10/5/09,乃木坂春香の秘密 ぴゅあれっつぁ♪,ディオメディア,YTV、AT-X,12,17,16
10/6/09,こばと。,マッドハウス,NHK-BS2,24,4,4
10/6/09,君に届け,Production I.G,NTV,25,4,4
10/6/09,11eyes,動画工房,UHF,12,6,6
10/6/09,秘密結社鷹の爪 カウントダウン,蛙男商会,EX、MBS、SBS,12,15,14
10/7/09,ささめきこと,AIC,TXN,13,6,6
10/7/09,チェブラーシカ あれれ?,GoHands,TXN,26,12,11
10/8/09,DARKER THAN BLACK -流星の双子-,ボンズ,MBS,12,25,22
10/10/09,ご姉弟物語,シンエイ動画,EX,32,5,5
10/10/09,青い文学シリーズ,マッドハウス,NTV,12,8,8
10/12/09,FAIRY TAIL（第1期）,A-1 Pictures、サテライト,TX,175,15,14
10/13/09,怪談レストラン,東映アニメーション,EX,23,7,7
10/13/09,スティッチ! 〜いたずらエイリアンの大冒険〜,マッドハウス,EX,30,22,21
10/15/09,空中ブランコ,東映アニメーション,CX,11,6,6
10/15/09,キディ・ガーランド,サテライト,UHF,24,9,9
10/17/09,アニメ 冬のソナタ,（日韓合作）,CS,27,9,8
12/4/09,ヴァイス・サヴァイヴR,スタジオ雲雀,TBS,12,11,11
12/6/09,コケッコーさん,POPORO MEDIA,ファミリー劇場,26,7,7
12/21/09,ヒピラくん,サンライズ,NHK-BS2,12,5,5
12/26/09,忍者玉丸・東海道五十三次,トマソン,ファミリー劇場,26,12,12